t 	T_s 	t_s	T_raw	t_nth_d	 cooling_rate	
0.00	150.4	0.00	150.5	0.00	-0.049	
0.00	150.4	0.00	150.4	0.00	-0.049	
1.00	150.4	1.00	150.4	1.00	-0.047	
2.00	150.4	2.00	150.3	2.00	-0.045	
3.00	150.3	3.00	150.3	3.00	-0.044	
4.00	150.3	4.00	150.3	4.00	-0.042	
5.00	150.2	5.00	150.2	5.00	-0.041	
6.00	150.2	6.00	150.2	6.00	-0.040	
7.00	150.1	7.00	150.1	7.00	-0.039	
8.00	150.1	8.00	150.1	8.00	-0.038	
9.00	150.1	9.00	150.1	9.00	-0.038	
10.00	150.0	10.00	150.0	10.00	-0.038	
11.00	150.0	11.00	150.0	11.00	-0.039	
12.00	150.0	12.00	150.0	12.00	-0.038	
13.00	149.9	13.00	149.9	13.00	-0.037	
14.00	149.9	14.00	149.9	14.00	-0.038	
15.00	149.8	15.00	149.9	15.00	-0.037	
16.00	149.8	16.00	149.8	16.00	-0.037	
17.00	149.8	17.00	149.8	17.00	-0.037	
18.00	149.7	18.00	149.7	18.00	-0.036	
19.00	149.7	19.00	149.7	19.00	-0.036	
20.00	149.7	20.00	149.7	20.00	-0.037	
21.00	149.6	21.00	149.6	21.00	-0.036	
22.00	149.6	22.00	149.6	22.00	-0.036	
23.00	149.5	23.00	149.5	23.00	-0.037	
24.00	149.5	24.00	149.5	24.00	-0.036	
25.00	149.5	25.00	149.5	25.00	-0.036	
26.00	149.4	26.00	149.4	26.00	-0.036	
27.00	149.4	27.00	149.4	27.00	-0.035	
28.00	149.4	28.00	149.4	28.00	-0.035	
29.00	149.3	29.00	149.3	29.00	-0.036	
30.00	149.3	30.00	149.3	30.00	-0.035	
31.00	149.3	31.00	149.3	31.00	-0.034	
32.00	149.2	32.00	149.2	32.00	-0.035	
33.00	149.2	33.00	149.2	33.00	-0.034	
34.00	149.2	34.00	149.2	34.00	-0.034	
35.00	149.1	35.00	149.1	35.00	-0.035	
36.00	149.1	36.00	149.1	36.00	-0.034	
37.00	149.1	37.00	149.0	37.00	-0.034	
38.00	149.0	38.00	149.0	38.00	-0.035	
39.00	149.0	39.00	149.0	39.00	-0.034	
40.00	149.0	40.00	148.9	40.00	-0.034	
41.00	148.9	41.00	148.9	41.00	-0.034	
42.00	148.9	42.00	148.9	42.00	-0.033	
43.00	148.9	43.00	148.8	43.00	-0.033	
44.00	148.8	44.00	148.8	44.00	-0.033	
45.00	148.8	45.00	148.8	45.00	-0.033	
46.00	148.8	46.00	148.7	46.00	-0.033	
47.00	148.7	47.00	148.7	47.00	-0.033	
48.00	148.7	48.00	148.7	48.00	-0.033	
49.00	148.7	49.00	148.6	49.00	-0.033	
50.00	148.6	50.00	148.6	50.00	-0.033	
51.00	148.6	51.00	148.6	51.00	-0.032	
52.00	148.6	52.00	148.5	52.00	-0.032	
53.00	148.5	53.00	148.5	53.00	-0.032	
54.00	148.5	54.00	148.5	54.00	-0.032	
55.00	148.5	55.00	148.5	55.00	-0.031	
56.00	148.4	56.00	148.4	56.00	-0.032	
57.00	148.4	57.00	148.4	57.00	-0.031	
58.00	148.4	58.00	148.4	58.00	-0.031	
59.00	148.3	59.00	148.3	59.00	-0.031	
60.00	148.3	60.00	148.3	60.00	-0.031	
61.00	148.3	61.00	148.3	61.00	-0.031	
62.00	148.2	62.00	148.2	62.00	-0.031	
63.00	148.2	63.00	148.2	63.00	-0.031	
64.00	148.2	64.00	148.2	64.00	-0.031	
65.00	148.2	65.00	148.2	65.00	-0.031	
66.00	148.1	66.00	148.1	66.00	-0.030	
67.00	148.1	67.00	148.1	67.00	-0.030	
68.00	148.1	68.00	148.1	68.00	-0.030	
69.00	148.0	69.00	148.0	69.00	-0.029	
70.00	148.0	70.00	148.0	70.00	-0.029	
71.00	148.0	71.00	148.0	71.00	-0.030	
72.00	147.9	72.00	147.9	72.00	-0.029	
73.00	147.9	73.00	147.9	73.00	-0.029	
74.00	147.9	74.00	147.9	74.00	-0.030	
75.00	147.9	75.00	147.9	75.00	-0.029	
76.00	147.8	76.00	147.8	76.00	-0.029	
77.00	147.8	77.00	147.8	77.00	-0.029	
78.00	147.8	78.00	147.8	78.00	-0.029	
79.00	147.7	79.00	147.7	79.00	-0.029	
80.00	147.7	80.00	147.7	80.00	-0.029	
81.00	147.7	81.00	147.7	81.00	-0.028	
82.00	147.7	82.00	147.6	82.00	-0.028	
83.00	147.6	83.00	147.6	83.00	-0.029	
84.00	147.6	84.00	147.6	84.00	-0.028	
85.00	147.6	85.00	147.6	85.00	-0.028	
86.00	147.5	86.00	147.5	86.00	-0.028	
87.00	147.5	87.00	147.5	87.00	-0.028	
88.00	147.5	88.00	147.5	88.00	-0.027	
89.00	147.5	89.00	147.5	89.00	-0.028	
90.00	147.4	90.00	147.4	90.00	-0.027	
91.00	147.4	91.00	147.4	91.00	-0.027	
92.00	147.4	92.00	147.4	92.00	-0.027	
93.00	147.3	93.00	147.4	93.00	-0.027	
94.00	147.3	94.00	147.3	94.00	-0.027	
95.00	147.3	95.00	147.3	95.00	-0.027	
96.00	147.3	96.00	147.3	96.00	-0.027	
97.00	147.2	97.00	147.2	97.00	-0.027	
98.00	147.2	98.00	147.2	98.00	-0.027	
99.00	147.2	99.00	147.2	99.00	-0.026	
100.00	147.2	100.00	147.2	100.00	-0.026	
101.00	147.1	101.00	147.1	101.00	-0.026	
102.00	147.1	102.00	147.1	102.00	-0.026	
103.00	147.1	103.00	147.1	103.00	-0.026	
104.00	147.1	104.00	147.1	104.00	-0.026	
105.00	147.0	105.00	147.0	105.00	-0.026	
106.00	147.0	106.00	147.0	106.00	-0.025	
107.00	147.0	107.00	147.0	107.00	-0.026	
108.00	147.0	108.00	147.0	108.00	-0.025	
109.00	146.9	109.00	146.9	109.00	-0.025	
110.00	146.9	110.00	146.9	110.00	-0.026	
111.00	146.9	111.00	146.9	111.00	-0.025	
112.00	146.9	112.00	146.8	112.00	-0.025	
113.00	146.8	113.00	146.8	113.00	-0.026	
114.00	146.8	114.00	146.8	114.00	-0.025	
115.00	146.8	115.00	146.8	115.00	-0.025	
116.00	146.8	116.00	146.8	116.00	-0.025	
117.00	146.7	117.00	146.7	117.00	-0.024	
118.00	146.7	118.00	146.7	118.00	-0.025	
119.00	146.7	119.00	146.7	119.00	-0.025	
120.00	146.7	120.00	146.7	120.00	-0.024	
121.00	146.6	121.00	146.6	121.00	-0.024	
122.00	146.6	122.00	146.6	122.00	-0.024	
123.00	146.6	123.00	146.6	123.00	-0.024	
124.00	146.6	124.00	146.6	124.00	-0.024	
125.00	146.5	125.00	146.5	125.00	-0.024	
126.00	146.5	126.00	146.5	126.00	-0.023	
127.00	146.5	127.00	146.5	127.00	-0.023	
128.00	146.5	128.00	146.5	128.00	-0.024	
129.00	146.4	129.00	146.4	129.00	-0.023	
130.00	146.4	130.00	146.4	130.00	-0.023	
131.00	146.4	131.00	146.4	131.00	-0.024	
132.00	146.4	132.00	146.4	132.00	-0.023	
133.00	146.3	133.00	146.3	133.00	-0.023	
134.00	146.3	134.00	146.3	134.00	-0.024	
135.00	146.3	135.00	146.3	135.00	-0.023	
136.00	146.3	136.00	146.3	136.00	-0.023	
137.00	146.3	137.00	146.3	137.00	-0.024	
138.00	146.2	138.00	146.2	138.00	-0.023	
139.00	146.2	139.00	146.2	139.00	-0.022	
140.00	146.2	140.00	146.2	140.00	-0.023	
141.00	146.2	141.00	146.2	141.00	-0.022	
142.00	146.1	142.00	146.1	142.00	-0.022	
143.00	146.1	143.00	146.1	143.00	-0.022	
144.00	146.1	144.00	146.1	144.00	-0.022	
145.00	146.1	145.00	146.1	145.00	-0.022	
146.00	146.1	146.00	146.1	146.00	-0.022	
147.00	146.0	147.00	146.0	147.00	-0.022	
148.00	146.0	148.00	146.0	148.00	-0.022	
149.00	146.0	149.00	146.0	149.00	-0.022	
150.00	146.0	150.00	146.0	150.00	-0.022	
151.00	145.9	151.00	145.9	151.00	-0.022	
152.00	145.9	152.00	145.9	152.00	-0.022	
153.00	145.9	153.00	145.9	153.00	-0.022	
154.00	145.9	154.00	145.9	154.00	-0.021	
155.00	145.9	155.00	145.9	155.00	-0.022	
156.00	145.8	156.00	145.8	156.00	-0.021	
157.00	145.8	157.00	145.8	157.00	-0.021	
158.00	145.8	158.00	145.8	158.00	-0.022	
159.00	145.8	159.00	145.8	159.00	-0.021	
160.00	145.7	160.00	145.7	160.00	-0.021	
161.00	145.7	161.00	145.7	161.00	-0.022	
162.00	145.7	162.00	145.7	162.00	-0.021	
163.00	145.7	163.00	145.7	163.00	-0.021	
164.00	145.7	164.00	145.7	164.00	-0.022	
165.00	145.6	165.00	145.6	165.00	-0.021	
166.00	145.6	166.00	145.6	166.00	-0.021	
167.00	145.6	167.00	145.6	167.00	-0.021	
168.00	145.6	168.00	145.6	168.00	-0.021	
169.00	145.6	169.00	145.6	169.00	-0.021	
170.00	145.5	170.00	145.5	170.00	-0.021	
171.00	145.5	171.00	145.5	171.00	-0.021	
172.00	145.5	172.00	145.5	172.00	-0.021	
173.00	145.5	173.00	145.5	173.00	-0.021	
174.00	145.5	174.00	145.5	174.00	-0.020	
175.00	145.4	175.00	145.4	175.00	-0.020	
176.00	145.4	176.00	145.4	176.00	-0.021	
177.00	145.4	177.00	145.4	177.00	-0.020	
178.00	145.4	178.00	145.4	178.00	-0.020	
179.00	145.4	179.00	145.4	179.00	-0.021	
180.00	145.3	180.00	145.3	180.00	-0.021	
181.00	145.3	181.00	145.3	181.00	-0.021	
182.00	145.3	182.00	145.3	182.00	-0.021	
183.00	145.3	183.00	145.3	183.00	-0.020	
184.00	145.2	184.00	145.2	184.00	-0.020	
185.00	145.2	185.00	145.2	185.00	-0.021	
186.00	145.2	186.00	145.2	186.00	-0.020	
187.00	145.2	187.00	145.2	187.00	-0.020	
188.00	145.2	188.00	145.2	188.00	-0.021	
189.00	145.1	189.00	145.2	189.00	-0.020	
190.00	145.1	190.00	145.1	190.00	-0.021	
191.00	145.1	191.00	145.1	191.00	-0.021	
192.00	145.1	192.00	145.1	192.00	-0.021	
193.00	145.1	193.00	145.1	193.00	-0.021	
194.00	145.0	194.00	145.0	194.00	-0.021	
195.00	145.0	195.00	145.0	195.00	-0.021	
196.00	145.0	196.00	145.0	196.00	-0.021	
197.00	145.0	197.00	145.0	197.00	-0.021	
198.00	145.0	198.00	145.0	198.00	-0.021	
199.00	144.9	199.00	144.9	199.00	-0.021	
200.00	144.9	200.00	144.9	200.00	-0.021	
201.00	144.9	201.00	144.9	201.00	-0.020	
202.00	144.9	202.00	144.9	202.00	-0.020	
203.00	144.9	203.00	144.9	203.00	-0.021	
204.00	144.8	204.00	144.8	204.00	-0.021	
205.00	144.8	205.00	144.8	205.00	-0.021	
206.00	144.8	206.00	144.8	206.00	-0.021	
207.00	144.8	207.00	144.8	207.00	-0.021	
208.00	144.8	208.00	144.8	208.00	-0.021	
209.00	144.7	209.00	144.7	209.00	-0.021	
210.00	144.7	210.00	144.7	210.00	-0.021	
211.00	144.7	211.00	144.7	211.00	-0.021	
212.00	144.7	212.00	144.7	212.00	-0.021	
213.00	144.6	213.00	144.7	213.00	-0.021	
214.00	144.6	214.00	144.6	214.00	-0.021	
215.00	144.6	215.00	144.6	215.00	-0.021	
216.00	144.6	216.00	144.6	216.00	-0.021	
217.00	144.6	217.00	144.6	217.00	-0.021	
218.00	144.5	218.00	144.5	218.00	-0.021	
219.00	144.5	219.00	144.5	219.00	-0.021	
220.00	144.5	220.00	144.5	220.00	-0.021	
221.00	144.5	221.00	144.5	221.00	-0.022	
222.00	144.5	222.00	144.5	222.00	-0.021	
223.00	144.4	223.00	144.4	223.00	-0.021	
224.00	144.4	224.00	144.4	224.00	-0.022	
225.00	144.4	225.00	144.4	225.00	-0.021	
226.00	144.4	226.00	144.4	226.00	-0.021	
227.00	144.3	227.00	144.4	227.00	-0.022	
228.00	144.3	228.00	144.3	228.00	-0.021	
229.00	144.3	229.00	144.3	229.00	-0.021	
230.00	144.3	230.00	144.3	230.00	-0.022	
231.00	144.3	231.00	144.3	231.00	-0.021	
232.00	144.2	232.00	144.2	232.00	-0.021	
233.00	144.2	233.00	144.2	233.00	-0.022	
234.00	144.2	234.00	144.2	234.00	-0.022	
235.00	144.2	235.00	144.2	235.00	-0.022	
236.00	144.2	236.00	144.2	236.00	-0.022	
237.00	144.1	237.00	144.1	237.00	-0.022	
238.00	144.1	238.00	144.1	238.00	-0.022	
239.00	144.1	239.00	144.1	239.00	-0.022	
240.00	144.1	240.00	144.1	240.00	-0.022	
241.00	144.0	241.00	144.0	241.00	-0.022	
242.00	144.0	242.00	144.0	242.00	-0.022	
243.00	144.0	243.00	144.0	243.00	-0.022	
244.00	144.0	244.00	144.0	244.00	-0.022	
245.00	144.0	245.00	144.0	245.00	-0.022	
246.00	143.9	246.00	143.9	246.00	-0.022	
247.00	143.9	247.00	143.9	247.00	-0.022	
248.00	143.9	248.00	143.9	248.00	-0.022	
249.00	143.9	249.00	143.9	249.00	-0.022	
250.00	143.8	250.00	143.8	250.00	-0.022	
251.00	143.8	251.00	143.8	251.00	-0.022	
252.00	143.8	252.00	143.8	252.00	-0.022	
253.00	143.8	253.00	143.8	253.00	-0.021	
254.00	143.8	254.00	143.8	254.00	-0.022	
255.00	143.7	255.00	143.8	255.00	-0.021	
256.00	143.7	256.00	143.7	256.00	-0.021	
257.00	143.7	257.00	143.7	257.00	-0.022	
258.00	143.7	258.00	143.7	258.00	-0.022	
259.00	143.7	259.00	143.6	259.00	-0.022	
260.00	143.6	260.00	143.6	260.00	-0.023	
261.00	143.6	261.00	143.6	261.00	-0.022	
262.00	143.6	262.00	143.6	262.00	-0.022	
263.00	143.6	263.00	143.6	263.00	-0.023	
264.00	143.5	264.00	143.5	264.00	-0.022	
265.00	143.5	265.00	143.5	265.00	-0.022	
266.00	143.5	266.00	143.5	266.00	-0.023	
267.00	143.5	267.00	143.5	267.00	-0.022	
268.00	143.5	268.00	143.4	268.00	-0.022	
269.00	143.4	269.00	143.4	269.00	-0.022	
270.00	143.4	270.00	143.4	270.00	-0.021	
271.00	143.4	271.00	143.4	271.00	-0.021	
272.00	143.4	272.00	143.4	272.00	-0.022	
273.00	143.3	273.00	143.4	273.00	-0.022	
274.00	143.3	274.00	143.3	274.00	-0.022	
275.00	143.3	275.00	143.3	275.00	-0.022	
276.00	143.3	276.00	143.3	276.00	-0.022	
277.00	143.3	277.00	143.2	277.00	-0.022	
278.00	143.2	278.00	143.2	278.00	-0.022	
279.00	143.2	279.00	143.2	279.00	-0.022	
280.00	143.2	280.00	143.2	280.00	-0.022	
281.00	143.2	281.00	143.2	281.00	-0.022	
282.00	143.1	282.00	143.1	282.00	-0.022	
283.00	143.1	283.00	143.1	283.00	-0.022	
284.00	143.1	284.00	143.1	284.00	-0.022	
285.00	143.1	285.00	143.1	285.00	-0.022	
286.00	143.1	286.00	143.1	286.00	-0.022	
287.00	143.0	287.00	143.0	287.00	-0.022	
288.00	143.0	288.00	143.0	288.00	-0.021	
289.00	143.0	289.00	143.0	289.00	-0.022	
290.00	143.0	290.00	143.0	290.00	-0.022	
291.00	142.9	291.00	143.0	291.00	-0.022	
292.00	142.9	292.00	142.9	292.00	-0.022	
293.00	142.9	293.00	142.9	293.00	-0.022	
294.00	142.9	294.00	142.9	294.00	-0.022	
295.00	142.9	295.00	142.9	295.00	-0.022	
296.00	142.8	296.00	142.8	296.00	-0.022	
297.00	142.8	297.00	142.8	297.00	-0.022	
298.00	142.8	298.00	142.8	298.00	-0.022	
299.00	142.8	299.00	142.8	299.00	-0.022	
300.00	142.8	300.00	142.8	300.00	-0.022	
301.00	142.7	301.00	142.7	301.00	-0.021	
302.00	142.7	302.00	142.7	302.00	-0.022	
303.00	142.7	303.00	142.7	303.00	-0.021	
304.00	142.7	304.00	142.7	304.00	-0.021	
305.00	142.6	305.00	142.6	305.00	-0.022	
306.00	142.6	306.00	142.6	306.00	-0.022	
307.00	142.6	307.00	142.6	307.00	-0.022	
308.00	142.6	308.00	142.6	308.00	-0.022	
309.00	142.6	309.00	142.6	309.00	-0.022	
310.00	142.5	310.00	142.5	310.00	-0.022	
311.00	142.5	311.00	142.5	311.00	-0.022	
312.00	142.5	312.00	142.5	312.00	-0.021	
313.00	142.5	313.00	142.5	313.00	-0.021	
314.00	142.5	314.00	142.5	314.00	-0.022	
315.00	142.4	315.00	142.4	315.00	-0.021	
316.00	142.4	316.00	142.4	316.00	-0.021	
317.00	142.4	317.00	142.4	317.00	-0.022	
318.00	142.4	318.00	142.4	318.00	-0.021	
319.00	142.3	319.00	142.3	319.00	-0.021	
320.00	142.3	320.00	142.3	320.00	-0.021	
321.00	142.3	321.00	142.3	321.00	-0.021	
322.00	142.3	322.00	142.3	322.00	-0.021	
323.00	142.3	323.00	142.3	323.00	-0.021	
324.00	142.2	324.00	142.2	324.00	-0.021	
325.00	142.2	325.00	142.2	325.00	-0.021	
326.00	142.2	326.00	142.2	326.00	-0.021	
327.00	142.2	327.00	142.2	327.00	-0.021	
328.00	142.2	328.00	142.1	328.00	-0.021	
329.00	142.1	329.00	142.1	329.00	-0.021	
330.00	142.1	330.00	142.1	330.00	-0.021	
331.00	142.1	331.00	142.1	331.00	-0.021	
332.00	142.1	332.00	142.1	332.00	-0.021	
333.00	142.0	333.00	142.1	333.00	-0.021	
334.00	142.0	334.00	142.0	334.00	-0.021	
335.00	142.0	335.00	142.0	335.00	-0.021	
336.00	142.0	336.00	142.0	336.00	-0.021	
337.00	142.0	337.00	142.0	337.00	-0.020	
338.00	141.9	338.00	141.9	338.00	-0.021	
339.00	141.9	339.00	141.9	339.00	-0.020	
340.00	141.9	340.00	141.9	340.00	-0.021	
341.00	141.9	341.00	141.9	341.00	-0.021	
342.00	141.9	342.00	141.9	342.00	-0.020	
343.00	141.8	343.00	141.8	343.00	-0.020	
344.00	141.8	344.00	141.8	344.00	-0.020	
345.00	141.8	345.00	141.8	345.00	-0.020	
346.00	141.8	346.00	141.8	346.00	-0.020	
347.00	141.8	347.00	141.8	347.00	-0.020	
348.00	141.7	348.00	141.7	348.00	-0.020	
349.00	141.7	349.00	141.7	349.00	-0.020	
350.00	141.7	350.00	141.7	350.00	-0.020	
351.00	141.7	351.00	141.7	351.00	-0.020	
352.00	141.7	352.00	141.7	352.00	-0.020	
353.00	141.6	353.00	141.6	353.00	-0.020	
354.00	141.6	354.00	141.6	354.00	-0.020	
355.00	141.6	355.00	141.6	355.00	-0.020	
356.00	141.6	356.00	141.6	356.00	-0.020	
357.00	141.6	357.00	141.6	357.00	-0.020	
358.00	141.5	358.00	141.5	358.00	-0.020	
359.00	141.5	359.00	141.5	359.00	-0.020	
360.00	141.5	360.00	141.5	360.00	-0.020	
361.00	141.5	361.00	141.5	361.00	-0.019	
362.00	141.5	362.00	141.5	362.00	-0.020	
363.00	141.4	363.00	141.4	363.00	-0.019	
364.00	141.4	364.00	141.4	364.00	-0.019	
365.00	141.4	365.00	141.4	365.00	-0.020	
366.00	141.4	366.00	141.4	366.00	-0.019	
367.00	141.4	367.00	141.4	367.00	-0.019	
368.00	141.3	368.00	141.3	368.00	-0.020	
369.00	141.3	369.00	141.3	369.00	-0.019	
370.00	141.3	370.00	141.3	370.00	-0.019	
371.00	141.3	371.00	141.3	371.00	-0.019	
372.00	141.3	372.00	141.3	372.00	-0.019	
373.00	141.2	373.00	141.2	373.00	-0.019	
374.00	141.2	374.00	141.2	374.00	-0.019	
375.00	141.2	375.00	141.2	375.00	-0.019	
376.00	141.2	376.00	141.2	376.00	-0.019	
377.00	141.2	377.00	141.2	377.00	-0.019	
378.00	141.2	378.00	141.2	378.00	-0.018	
379.00	141.1	379.00	141.1	379.00	-0.018	
380.00	141.1	380.00	141.1	380.00	-0.019	
381.00	141.1	381.00	141.1	381.00	-0.018	
382.00	141.1	382.00	141.1	382.00	-0.018	
383.00	141.1	383.00	141.1	383.00	-0.019	
384.00	141.0	384.00	141.1	384.00	-0.019	
385.00	141.0	385.00	141.0	385.00	-0.019	
386.00	141.0	386.00	141.0	386.00	-0.019	
387.00	141.0	387.00	141.0	387.00	-0.019	
388.00	141.0	388.00	141.0	388.00	-0.019	
389.00	141.0	389.00	140.9	389.00	-0.019	
390.00	140.9	390.00	140.9	390.00	-0.019	
391.00	140.9	391.00	140.9	391.00	-0.019	
392.00	140.9	392.00	140.9	392.00	-0.019	
393.00	140.9	393.00	140.9	393.00	-0.018	
394.00	140.9	394.00	140.9	394.00	-0.018	
395.00	140.8	395.00	140.8	395.00	-0.018	
396.00	140.8	396.00	140.8	396.00	-0.018	
397.00	140.8	397.00	140.8	397.00	-0.018	
398.00	140.8	398.00	140.8	398.00	-0.018	
399.00	140.8	399.00	140.8	399.00	-0.018	
400.00	140.7	400.00	140.7	400.00	-0.018	
401.00	140.7	401.00	140.7	401.00	-0.018	
402.00	140.7	402.00	140.7	402.00	-0.017	
403.00	140.7	403.00	140.7	403.00	-0.017	
404.00	140.7	404.00	140.7	404.00	-0.018	
405.00	140.7	405.00	140.7	405.00	-0.017	
406.00	140.6	406.00	140.6	406.00	-0.017	
407.00	140.6	407.00	140.6	407.00	-0.017	
408.00	140.6	408.00	140.6	408.00	-0.017	
409.00	140.6	409.00	140.6	409.00	-0.017	
410.00	140.6	410.00	140.6	410.00	-0.017	
411.00	140.6	411.00	140.6	411.00	-0.017	
412.00	140.5	412.00	140.5	412.00	-0.017	
413.00	140.5	413.00	140.5	413.00	-0.017	
414.00	140.5	414.00	140.5	414.00	-0.017	
415.00	140.5	415.00	140.5	415.00	-0.017	
416.00	140.5	416.00	140.5	416.00	-0.017	
417.00	140.5	417.00	140.5	417.00	-0.017	
418.00	140.4	418.00	140.4	418.00	-0.017	
419.00	140.4	419.00	140.4	419.00	-0.017	
420.00	140.4	420.00	140.4	420.00	-0.017	
421.00	140.4	421.00	140.4	421.00	-0.017	
422.00	140.4	422.00	140.4	422.00	-0.017	
423.00	140.4	423.00	140.4	423.00	-0.016	
424.00	140.3	424.00	140.3	424.00	-0.016	
425.00	140.3	425.00	140.3	425.00	-0.017	
426.00	140.3	426.00	140.3	426.00	-0.016	
427.00	140.3	427.00	140.3	427.00	-0.016	
428.00	140.3	428.00	140.3	428.00	-0.017	
429.00	140.3	429.00	140.3	429.00	-0.017	
430.00	140.2	430.00	140.2	430.00	-0.017	
431.00	140.2	431.00	140.2	431.00	-0.017	
432.00	140.2	432.00	140.2	432.00	-0.016	
433.00	140.2	433.00	140.2	433.00	-0.016	
434.00	140.2	434.00	140.2	434.00	-0.016	
435.00	140.2	435.00	140.2	435.00	-0.016	
436.00	140.1	436.00	140.1	436.00	-0.016	
437.00	140.1	437.00	140.1	437.00	-0.016	
438.00	140.1	438.00	140.1	438.00	-0.015	
439.00	140.1	439.00	140.1	439.00	-0.015	
440.00	140.1	440.00	140.1	440.00	-0.015	
441.00	140.1	441.00	140.1	441.00	-0.015	
442.00	140.0	442.00	140.0	442.00	-0.015	
443.00	140.0	443.00	140.0	443.00	-0.016	
444.00	140.0	444.00	140.0	444.00	-0.015	
445.00	140.0	445.00	140.0	445.00	-0.016	
446.00	140.0	446.00	140.0	446.00	-0.016	
447.00	140.0	447.00	140.0	447.00	-0.016	
448.00	140.0	448.00	140.0	448.00	-0.016	
449.00	139.9	449.00	139.9	449.00	-0.016	
450.00	139.9	450.00	139.9	450.00	-0.015	
451.00	139.9	451.00	139.9	451.00	-0.015	
452.00	139.9	452.00	139.9	452.00	-0.016	
453.00	139.9	453.00	139.9	453.00	-0.015	
454.00	139.9	454.00	139.9	454.00	-0.015	
455.00	139.8	455.00	139.8	455.00	-0.015	
456.00	139.8	456.00	139.8	456.00	-0.015	
457.00	139.8	457.00	139.8	457.00	-0.015	
458.00	139.8	458.00	139.8	458.00	-0.015	
459.00	139.8	459.00	139.8	459.00	-0.015	
460.00	139.8	460.00	139.8	460.00	-0.015	
461.00	139.8	461.00	139.8	461.00	-0.015	
462.00	139.7	462.00	139.7	462.00	-0.014	
463.00	139.7	463.00	139.7	463.00	-0.014	
464.00	139.7	464.00	139.7	464.00	-0.015	
465.00	139.7	465.00	139.7	465.00	-0.014	
466.00	139.7	466.00	139.7	466.00	-0.014	
467.00	139.7	467.00	139.7	467.00	-0.015	
468.00	139.7	468.00	139.7	468.00	-0.014	
469.00	139.6	469.00	139.6	469.00	-0.014	
470.00	139.6	470.00	139.6	470.00	-0.014	
471.00	139.6	471.00	139.6	471.00	-0.014	
472.00	139.6	472.00	139.6	472.00	-0.014	
473.00	139.6	473.00	139.6	473.00	-0.014	
474.00	139.6	474.00	139.6	474.00	-0.014	
475.00	139.6	475.00	139.6	475.00	-0.014	
476.00	139.5	476.00	139.5	476.00	-0.014	
477.00	139.5	477.00	139.5	477.00	-0.014	
478.00	139.5	478.00	139.5	478.00	-0.014	
479.00	139.5	479.00	139.5	479.00	-0.014	
480.00	139.5	480.00	139.5	480.00	-0.013	
481.00	139.5	481.00	139.5	481.00	-0.013	
482.00	139.5	482.00	139.5	482.00	-0.014	
483.00	139.5	483.00	139.5	483.00	-0.013	
484.00	139.4	484.00	139.4	484.00	-0.013	
485.00	139.4	485.00	139.4	485.00	-0.013	
486.00	139.4	486.00	139.4	486.00	-0.013	
487.00	139.4	487.00	139.4	487.00	-0.013	
488.00	139.4	488.00	139.4	488.00	-0.014	
489.00	139.4	489.00	139.4	489.00	-0.013	
490.00	139.4	490.00	139.4	490.00	-0.013	
491.00	139.3	491.00	139.3	491.00	-0.013	
492.00	139.3	492.00	139.3	492.00	-0.013	
493.00	139.3	493.00	139.3	493.00	-0.013	
494.00	139.3	494.00	139.3	494.00	-0.013	
495.00	139.3	495.00	139.3	495.00	-0.013	
496.00	139.3	496.00	139.3	496.00	-0.013	
497.00	139.3	497.00	139.3	497.00	-0.013	
498.00	139.3	498.00	139.3	498.00	-0.012	
499.00	139.2	499.00	139.2	499.00	-0.012	
500.00	139.2	500.00	139.2	500.00	-0.013	
501.00	139.2	501.00	139.2	501.00	-0.012	
502.00	139.2	502.00	139.2	502.00	-0.012	
503.00	139.2	503.00	139.2	503.00	-0.013	
504.00	139.2	504.00	139.2	504.00	-0.012	
505.00	139.2	505.00	139.2	505.00	-0.012	
506.00	139.2	506.00	139.2	506.00	-0.012	
507.00	139.1	507.00	139.1	507.00	-0.012	
508.00	139.1	508.00	139.1	508.00	-0.012	
509.00	139.1	509.00	139.1	509.00	-0.012	
510.00	139.1	510.00	139.1	510.00	-0.012	
511.00	139.1	511.00	139.1	511.00	-0.012	
512.00	139.1	512.00	139.1	512.00	-0.012	
513.00	139.1	513.00	139.1	513.00	-0.012	
514.00	139.1	514.00	139.1	514.00	-0.012	
515.00	139.0	515.00	139.0	515.00	-0.012	
516.00	139.0	516.00	139.0	516.00	-0.012	
517.00	139.0	517.00	139.0	517.00	-0.012	
518.00	139.0	518.00	139.0	518.00	-0.012	
519.00	139.0	519.00	139.0	519.00	-0.012	
520.00	139.0	520.00	139.0	520.00	-0.011	
521.00	139.0	521.00	139.0	521.00	-0.011	
522.00	139.0	522.00	139.0	522.00	-0.011	
523.00	139.0	523.00	139.0	523.00	-0.011	
524.00	138.9	524.00	138.9	524.00	-0.011	
525.00	138.9	525.00	138.9	525.00	-0.011	
526.00	138.9	526.00	138.9	526.00	-0.011	
527.00	138.9	527.00	138.9	527.00	-0.011	
528.00	138.9	528.00	138.9	528.00	-0.011	
529.00	138.9	529.00	138.9	529.00	-0.011	
530.00	138.9	530.00	138.9	530.00	-0.011	
531.00	138.9	531.00	138.9	531.00	-0.011	
532.00	138.9	532.00	138.9	532.00	-0.011	
533.00	138.8	533.00	138.8	533.00	-0.011	
534.00	138.8	534.00	138.8	534.00	-0.011	
535.00	138.8	535.00	138.8	535.00	-0.011	
536.00	138.8	536.00	138.8	536.00	-0.011	
537.00	138.8	537.00	138.8	537.00	-0.011	
538.00	138.8	538.00	138.8	538.00	-0.011	
539.00	138.8	539.00	138.8	539.00	-0.011	
540.00	138.8	540.00	138.8	540.00	-0.010	
541.00	138.8	541.00	138.8	541.00	-0.010	
542.00	138.7	542.00	138.7	542.00	-0.011	
543.00	138.7	543.00	138.7	543.00	-0.010	
544.00	138.7	544.00	138.7	544.00	-0.010	
545.00	138.7	545.00	138.7	545.00	-0.010	
546.00	138.7	546.00	138.7	546.00	-0.010	
547.00	138.7	547.00	138.7	547.00	-0.010	
548.00	138.7	548.00	138.7	548.00	-0.010	
549.00	138.7	549.00	138.7	549.00	-0.010	
550.00	138.7	550.00	138.7	550.00	-0.010	
551.00	138.7	551.00	138.7	551.00	-0.010	
552.00	138.6	552.00	138.6	552.00	-0.010	
553.00	138.6	553.00	138.6	553.00	-0.010	
554.00	138.6	554.00	138.6	554.00	-0.010	
555.00	138.6	555.00	138.6	555.00	-0.010	
556.00	138.6	556.00	138.6	556.00	-0.010	
557.00	138.6	557.00	138.6	557.00	-0.010	
558.00	138.6	558.00	138.6	558.00	-0.010	
559.00	138.6	559.00	138.6	559.00	-0.010	
560.00	138.6	560.00	138.6	560.00	-0.010	
561.00	138.6	561.00	138.6	561.00	-0.010	
562.00	138.5	562.00	138.5	562.00	-0.009	
563.00	138.5	563.00	138.5	563.00	-0.010	
564.00	138.5	564.00	138.5	564.00	-0.009	
565.00	138.5	565.00	138.5	565.00	-0.009	
566.00	138.5	566.00	138.5	566.00	-0.009	
567.00	138.5	567.00	138.5	567.00	-0.009	
568.00	138.5	568.00	138.5	568.00	-0.009	
569.00	138.5	569.00	138.5	569.00	-0.009	
570.00	138.5	570.00	138.5	570.00	-0.009	
571.00	138.5	571.00	138.5	571.00	-0.009	
572.00	138.5	572.00	138.4	572.00	-0.009	
573.00	138.4	573.00	138.4	573.00	-0.009	
574.00	138.4	574.00	138.4	574.00	-0.009	
575.00	138.4	575.00	138.4	575.00	-0.009	
576.00	138.4	576.00	138.4	576.00	-0.009	
577.00	138.4	577.00	138.4	577.00	-0.009	
578.00	138.4	578.00	138.4	578.00	-0.009	
579.00	138.4	579.00	138.4	579.00	-0.009	
580.00	138.4	580.00	138.4	580.00	-0.008	
581.00	138.4	581.00	138.4	581.00	-0.009	
582.00	138.4	582.00	138.4	582.00	-0.008	
583.00	138.4	583.00	138.3	583.00	-0.008	
584.00	138.3	584.00	138.3	584.00	-0.009	
585.00	138.3	585.00	138.3	585.00	-0.008	
586.00	138.3	586.00	138.3	586.00	-0.008	
587.00	138.3	587.00	138.3	587.00	-0.008	
588.00	138.3	588.00	138.3	588.00	-0.008	
589.00	138.3	589.00	138.3	589.00	-0.008	
590.00	138.3	590.00	138.3	590.00	-0.008	
591.00	138.3	591.00	138.3	591.00	-0.008	
592.00	138.3	592.00	138.3	592.00	-0.008	
593.00	138.3	593.00	138.3	593.00	-0.008	
594.00	138.3	594.00	138.3	594.00	-0.008	
595.00	138.3	595.00	138.3	595.00	-0.008	
596.00	138.2	596.00	138.2	596.00	-0.008	
597.00	138.2	597.00	138.2	597.00	-0.008	
598.00	138.2	598.00	138.2	598.00	-0.008	
599.00	138.2	599.00	138.2	599.00	-0.008	
600.00	138.2	600.00	138.2	600.00	-0.008	
601.00	138.2	601.00	138.2	601.00	-0.008	
602.00	138.2	602.00	138.2	602.00	-0.008	
603.00	138.2	603.00	138.2	603.00	-0.008	
604.00	138.2	604.00	138.2	604.00	-0.008	
605.00	138.2	605.00	138.2	605.00	-0.008	
606.00	138.2	606.00	138.2	606.00	-0.008	
607.00	138.2	607.00	138.2	607.00	-0.008	
608.00	138.2	608.00	138.2	608.00	-0.007	
609.00	138.1	609.00	138.2	609.00	-0.007	
610.00	138.1	610.00	138.1	610.00	-0.007	
611.00	138.1	611.00	138.1	611.00	-0.007	
612.00	138.1	612.00	138.1	612.00	-0.007	
613.00	138.1	613.00	138.1	613.00	-0.007	
614.00	138.1	614.00	138.1	614.00	-0.007	
615.00	138.1	615.00	138.1	615.00	-0.007	
616.00	138.1	616.00	138.1	616.00	-0.007	
617.00	138.1	617.00	138.1	617.00	-0.007	
618.00	138.1	618.00	138.1	618.00	-0.007	
619.00	138.1	619.00	138.1	619.00	-0.007	
620.00	138.1	620.00	138.1	620.00	-0.007	
621.00	138.1	621.00	138.1	621.00	-0.007	
622.00	138.1	622.00	138.1	622.00	-0.007	
623.00	138.1	623.00	138.1	623.00	-0.007	
624.00	138.0	624.00	138.0	624.00	-0.007	
625.00	138.0	625.00	138.0	625.00	-0.007	
626.00	138.0	626.00	138.0	626.00	-0.007	
627.00	138.0	627.00	138.0	627.00	-0.007	
628.00	138.0	628.00	138.0	628.00	-0.007	
629.00	138.0	629.00	138.0	629.00	-0.007	
630.00	138.0	630.00	138.0	630.00	-0.006	
631.00	138.0	631.00	138.0	631.00	-0.006	
632.00	138.0	632.00	138.0	632.00	-0.006	
633.00	138.0	633.00	138.0	633.00	-0.006	
634.00	138.0	634.00	138.0	634.00	-0.006	
635.00	138.0	635.00	138.0	635.00	-0.006	
636.00	138.0	636.00	138.0	636.00	-0.006	
637.00	138.0	637.00	138.0	637.00	-0.006	
638.00	138.0	638.00	137.9	638.00	-0.006	
639.00	137.9	639.00	137.9	639.00	-0.006	
640.00	137.9	640.00	137.9	640.00	-0.006	
641.00	137.9	641.00	137.9	641.00	-0.006	
642.00	137.9	642.00	137.9	642.00	-0.006	
643.00	137.9	643.00	137.9	643.00	-0.006	
644.00	137.9	644.00	137.9	644.00	-0.006	
645.00	137.9	645.00	137.9	645.00	-0.006	
646.00	137.9	646.00	137.9	646.00	-0.006	
647.00	137.9	647.00	137.9	647.00	-0.006	
648.00	137.9	648.00	137.9	648.00	-0.006	
649.00	137.9	649.00	137.9	649.00	-0.006	
650.00	137.9	650.00	137.9	650.00	-0.006	
651.00	137.9	651.00	137.9	651.00	-0.005	
652.00	137.9	652.00	137.9	652.00	-0.005	
653.00	137.9	653.00	137.9	653.00	-0.005	
654.00	137.9	654.00	137.9	654.00	-0.005	
655.00	137.9	655.00	137.9	655.00	-0.005	
656.00	137.8	656.00	137.8	656.00	-0.006	
657.00	137.8	657.00	137.8	657.00	-0.005	
658.00	137.8	658.00	137.8	658.00	-0.006	
659.00	137.8	659.00	137.8	659.00	-0.006	
660.00	137.8	660.00	137.8	660.00	-0.006	
661.00	137.8	661.00	137.8	661.00	-0.005	
662.00	137.8	662.00	137.8	662.00	-0.005	
663.00	137.8	663.00	137.8	663.00	-0.005	
664.00	137.8	664.00	137.8	664.00	-0.005	
665.00	137.8	665.00	137.8	665.00	-0.005	
666.00	137.8	666.00	137.8	666.00	-0.005	
667.00	137.8	667.00	137.8	667.00	-0.005	
668.00	137.8	668.00	137.8	668.00	-0.005	
669.00	137.8	669.00	137.8	669.00	-0.005	
670.00	137.8	670.00	137.8	670.00	-0.005	
671.00	137.8	671.00	137.8	671.00	-0.005	
672.00	137.8	672.00	137.8	672.00	-0.005	
673.00	137.8	673.00	137.8	673.00	-0.005	
674.00	137.8	674.00	137.8	674.00	-0.005	
675.00	137.8	675.00	137.7	675.00	-0.005	
676.00	137.7	676.00	137.7	676.00	-0.005	
677.00	137.7	677.00	137.7	677.00	-0.005	
678.00	137.7	678.00	137.7	678.00	-0.005	
679.00	137.7	679.00	137.7	679.00	-0.005	
680.00	137.7	680.00	137.7	680.00	-0.005	
681.00	137.7	681.00	137.7	681.00	-0.005	
682.00	137.7	682.00	137.7	682.00	-0.004	
683.00	137.7	683.00	137.7	683.00	-0.004	
684.00	137.7	684.00	137.7	684.00	-0.004	
685.00	137.7	685.00	137.7	685.00	-0.004	
686.00	137.7	686.00	137.7	686.00	-0.004	
687.00	137.7	687.00	137.7	687.00	-0.004	
688.00	137.7	688.00	137.7	688.00	-0.004	
689.00	137.7	689.00	137.7	689.00	-0.004	
690.00	137.7	690.00	137.7	690.00	-0.004	
691.00	137.7	691.00	137.7	691.00	-0.004	
692.00	137.7	692.00	137.7	692.00	-0.004	
693.00	137.7	693.00	137.7	693.00	-0.004	
694.00	137.7	694.00	137.7	694.00	-0.004	
695.00	137.7	695.00	137.7	695.00	-0.004	
696.00	137.7	696.00	137.7	696.00	-0.004	
697.00	137.7	697.00	137.7	697.00	-0.004	
698.00	137.6	698.00	137.6	698.00	-0.004	
699.00	137.6	699.00	137.6	699.00	-0.004	
700.00	137.6	700.00	137.6	700.00	-0.004	
701.00	137.6	701.00	137.6	701.00	-0.004	
702.00	137.6	702.00	137.6	702.00	-0.004	
703.00	137.6	703.00	137.6	703.00	-0.004	
704.00	137.6	704.00	137.6	704.00	-0.004	
705.00	137.6	705.00	137.6	705.00	-0.004	
706.00	137.6	706.00	137.6	706.00	-0.004	
707.00	137.6	707.00	137.6	707.00	-0.004	
708.00	137.6	708.00	137.6	708.00	-0.004	
709.00	137.6	709.00	137.6	709.00	-0.004	
710.00	137.6	710.00	137.6	710.00	-0.004	
711.00	137.6	711.00	137.6	711.00	-0.004	
712.00	137.6	712.00	137.6	712.00	-0.004	
713.00	137.6	713.00	137.6	713.00	-0.004	
714.00	137.6	714.00	137.6	714.00	-0.003	
715.00	137.6	715.00	137.6	715.00	-0.003	
716.00	137.6	716.00	137.6	716.00	-0.003	
717.00	137.6	717.00	137.6	717.00	-0.003	
718.00	137.6	718.00	137.6	718.00	-0.003	
719.00	137.6	719.00	137.6	719.00	-0.003	
720.00	137.6	720.00	137.6	720.00	-0.003	
721.00	137.6	721.00	137.6	721.00	-0.003	
722.00	137.6	722.00	137.6	722.00	-0.003	
723.00	137.6	723.00	137.6	723.00	-0.003	
724.00	137.6	724.00	137.6	724.00	-0.003	
725.00	137.6	725.00	137.6	725.00	-0.004	
726.00	137.6	726.00	137.6	726.00	-0.004	
727.00	137.5	727.00	137.5	727.00	-0.004	
728.00	137.5	728.00	137.5	728.00	-0.004	
729.00	137.5	729.00	137.5	729.00	-0.004	
730.00	137.5	730.00	137.5	730.00	-0.004	
731.00	137.5	731.00	137.5	731.00	-0.004	
732.00	137.5	732.00	137.5	732.00	-0.003	
733.00	137.5	733.00	137.5	733.00	-0.004	
734.00	137.5	734.00	137.5	734.00	-0.004	
735.00	137.5	735.00	137.5	735.00	-0.004	
736.00	137.5	736.00	137.5	736.00	-0.004	
737.00	137.5	737.00	137.5	737.00	-0.005	
738.00	137.5	738.00	137.5	738.00	-0.005	
739.00	137.5	739.00	137.5	739.00	-0.006	
740.00	137.5	740.00	137.5	740.00	-0.006	
741.00	137.5	741.00	137.5	741.00	-0.006	
742.00	137.5	742.00	137.5	742.00	-0.007	
743.00	137.5	743.00	137.5	743.00	-0.007	
744.00	137.5	744.00	137.5	744.00	-0.007	
745.00	137.5	745.00	137.5	745.00	-0.007	
746.00	137.5	746.00	137.5	746.00	-0.008	
747.00	137.4	747.00	137.4	747.00	-0.008	
748.00	137.4	748.00	137.4	748.00	-0.008	
749.00	137.4	749.00	137.4	749.00	-0.008	
750.00	137.4	750.00	137.4	750.00	-0.008	
751.00	137.4	751.00	137.4	751.00	-0.009	
752.00	137.4	752.00	137.4	752.00	-0.009	
753.00	137.4	753.00	137.4	753.00	-0.009	
754.00	137.4	754.00	137.4	754.00	-0.010	
755.00	137.4	755.00	137.4	755.00	-0.010	
756.00	137.4	756.00	137.4	756.00	-0.010	
757.00	137.4	757.00	137.4	757.00	-0.011	
758.00	137.3	758.00	137.3	758.00	-0.011	
759.00	137.3	759.00	137.3	759.00	-0.011	
760.00	137.3	760.00	137.3	760.00	-0.011	
761.00	137.3	761.00	137.3	761.00	-0.012	
762.00	137.3	762.00	137.3	762.00	-0.012	
763.00	137.3	763.00	137.3	763.00	-0.012	
764.00	137.3	764.00	137.3	764.00	-0.012	
765.00	137.3	765.00	137.3	765.00	-0.013	
766.00	137.2	766.00	137.2	766.00	-0.013	
767.00	137.2	767.00	137.2	767.00	-0.013	
768.00	137.2	768.00	137.2	768.00	-0.013	
769.00	137.2	769.00	137.2	769.00	-0.014	
770.00	137.2	770.00	137.2	770.00	-0.014	
771.00	137.2	771.00	137.2	771.00	-0.014	
772.00	137.2	772.00	137.2	772.00	-0.015	
773.00	137.2	773.00	137.1	773.00	-0.015	
774.00	137.1	774.00	137.1	774.00	-0.015	
775.00	137.1	775.00	137.1	775.00	-0.016	
776.00	137.1	776.00	137.1	776.00	-0.016	
777.00	137.1	777.00	137.1	777.00	-0.016	
778.00	137.1	778.00	137.1	778.00	-0.017	
779.00	137.1	779.00	137.1	779.00	-0.017	
780.00	137.0	780.00	137.0	780.00	-0.017	
781.00	137.0	781.00	137.0	781.00	-0.018	
782.00	137.0	782.00	137.0	782.00	-0.018	
783.00	137.0	783.00	137.0	783.00	-0.018	
784.00	137.0	784.00	137.0	784.00	-0.018	
785.00	136.9	785.00	136.9	785.00	-0.019	
786.00	136.9	786.00	136.9	786.00	-0.019	
787.00	136.9	787.00	136.9	787.00	-0.019	
788.00	136.9	788.00	136.9	788.00	-0.020	
789.00	136.9	789.00	136.9	789.00	-0.020	
790.00	136.9	790.00	136.8	790.00	-0.020	
791.00	136.8	791.00	136.8	791.00	-0.021	
792.00	136.8	792.00	136.8	792.00	-0.021	
793.00	136.8	793.00	136.8	793.00	-0.021	
794.00	136.8	794.00	136.8	794.00	-0.022	
795.00	136.7	795.00	136.8	795.00	-0.022	
796.00	136.7	796.00	136.7	796.00	-0.022	
797.00	136.7	797.00	136.7	797.00	-0.023	
798.00	136.7	798.00	136.7	798.00	-0.023	
799.00	136.7	799.00	136.6	799.00	-0.024	
800.00	136.6	800.00	136.6	800.00	-0.024	
801.00	136.6	801.00	136.6	801.00	-0.024	
802.00	136.6	802.00	136.6	802.00	-0.024	
803.00	136.6	803.00	136.6	803.00	-0.024	
804.00	136.5	804.00	136.5	804.00	-0.024	
805.00	136.5	805.00	136.5	805.00	-0.024	
806.00	136.5	806.00	136.5	806.00	-0.025	
807.00	136.5	807.00	136.5	807.00	-0.025	
808.00	136.4	808.00	136.4	808.00	-0.025	
809.00	136.4	809.00	136.4	809.00	-0.026	
810.00	136.4	810.00	136.4	810.00	-0.026	
811.00	136.4	811.00	136.3	811.00	-0.027	
812.00	136.3	812.00	136.3	812.00	-0.028	
813.00	136.3	813.00	136.3	813.00	-0.028	
814.00	136.3	814.00	136.3	814.00	-0.028	
815.00	136.2	815.00	136.2	815.00	-0.029	
816.00	136.2	816.00	136.2	816.00	-0.028	
817.00	136.2	817.00	136.2	817.00	-0.028	
818.00	136.2	818.00	136.2	818.00	-0.029	
819.00	136.1	819.00	136.1	819.00	-0.029	
820.00	136.1	820.00	136.1	820.00	-0.029	
821.00	136.1	821.00	136.1	821.00	-0.029	
822.00	136.0	822.00	136.1	822.00	-0.029	
823.00	136.0	823.00	136.0	823.00	-0.029	
824.00	136.0	824.00	136.0	824.00	-0.030	
825.00	136.0	825.00	136.0	825.00	-0.030	
826.00	135.9	826.00	135.9	826.00	-0.031	
827.00	135.9	827.00	135.9	827.00	-0.031	
828.00	135.9	828.00	135.9	828.00	-0.031	
829.00	135.8	829.00	135.8	829.00	-0.031	
830.00	135.8	830.00	135.8	830.00	-0.032	
831.00	135.8	831.00	135.8	831.00	-0.032	
832.00	135.7	832.00	135.7	832.00	-0.032	
833.00	135.7	833.00	135.7	833.00	-0.033	
834.00	135.7	834.00	135.7	834.00	-0.032	
835.00	135.6	835.00	135.6	835.00	-0.032	
836.00	135.6	836.00	135.6	836.00	-0.033	
837.00	135.6	837.00	135.6	837.00	-0.032	
838.00	135.5	838.00	135.5	838.00	-0.033	
839.00	135.5	839.00	135.5	839.00	-0.034	
840.00	135.5	840.00	135.5	840.00	-0.033	
841.00	135.4	841.00	135.4	841.00	-0.033	
842.00	135.4	842.00	135.4	842.00	-0.034	
843.00	135.4	843.00	135.4	843.00	-0.034	
844.00	135.3	844.00	135.3	844.00	-0.034	
845.00	135.3	845.00	135.3	845.00	-0.035	
846.00	135.3	846.00	135.3	846.00	-0.035	
847.00	135.2	847.00	135.2	847.00	-0.035	
848.00	135.2	848.00	135.2	848.00	-0.036	
849.00	135.2	849.00	135.2	849.00	-0.035	
850.00	135.1	850.00	135.1	850.00	-0.035	
851.00	135.1	851.00	135.1	851.00	-0.036	
852.00	135.1	852.00	135.1	852.00	-0.035	
853.00	135.0	853.00	135.0	853.00	-0.035	
854.00	135.0	854.00	135.0	854.00	-0.036	
855.00	135.0	855.00	135.0	855.00	-0.036	
856.00	134.9	856.00	134.9	856.00	-0.036	
857.00	134.9	857.00	134.9	857.00	-0.036	
858.00	134.8	858.00	134.9	858.00	-0.035	
859.00	134.8	859.00	134.8	859.00	-0.036	
860.00	134.8	860.00	134.8	860.00	-0.036	
861.00	134.7	861.00	134.7	861.00	-0.036	
862.00	134.7	862.00	134.7	862.00	-0.036	
863.00	134.7	863.00	134.7	863.00	-0.037	
864.00	134.6	864.00	134.6	864.00	-0.036	
865.00	134.6	865.00	134.6	865.00	-0.036	
866.00	134.6	866.00	134.6	866.00	-0.037	
867.00	134.5	867.00	134.5	867.00	-0.036	
868.00	134.5	868.00	134.5	868.00	-0.036	
869.00	134.4	869.00	134.4	869.00	-0.037	
870.00	134.4	870.00	134.4	870.00	-0.036	
871.00	134.4	871.00	134.4	871.00	-0.036	
872.00	134.3	872.00	134.3	872.00	-0.036	
873.00	134.3	873.00	134.3	873.00	-0.036	
874.00	134.3	874.00	134.3	874.00	-0.036	
875.00	134.2	875.00	134.2	875.00	-0.036	
876.00	134.2	876.00	134.2	876.00	-0.035	
877.00	134.2	877.00	134.1	877.00	-0.035	
878.00	134.1	878.00	134.1	878.00	-0.036	
879.00	134.1	879.00	134.1	879.00	-0.035	
880.00	134.1	880.00	134.0	880.00	-0.035	
881.00	134.0	881.00	134.0	881.00	-0.036	
882.00	134.0	882.00	134.0	882.00	-0.035	
883.00	133.9	883.00	133.9	883.00	-0.035	
884.00	133.9	884.00	133.9	884.00	-0.035	
885.00	133.9	885.00	133.9	885.00	-0.035	
886.00	133.8	886.00	133.8	886.00	-0.034	
887.00	133.8	887.00	133.8	887.00	-0.035	
888.00	133.8	888.00	133.8	888.00	-0.034	
889.00	133.7	889.00	133.7	889.00	-0.033	
890.00	133.7	890.00	133.7	890.00	-0.034	
891.00	133.7	891.00	133.7	891.00	-0.033	
892.00	133.6	892.00	133.6	892.00	-0.033	
893.00	133.6	893.00	133.6	893.00	-0.033	
894.00	133.6	894.00	133.6	894.00	-0.032	
895.00	133.5	895.00	133.5	895.00	-0.032	
896.00	133.5	896.00	133.5	896.00	-0.032	
897.00	133.5	897.00	133.5	897.00	-0.031	
898.00	133.4	898.00	133.4	898.00	-0.030	
899.00	133.4	899.00	133.4	899.00	-0.031	
900.00	133.4	900.00	133.4	900.00	-0.030	
901.00	133.4	901.00	133.4	901.00	-0.029	
902.00	133.3	902.00	133.3	902.00	-0.030	
903.00	133.3	903.00	133.3	903.00	-0.029	
904.00	133.3	904.00	133.3	904.00	-0.028	
905.00	133.2	905.00	133.2	905.00	-0.028	
906.00	133.2	906.00	133.2	906.00	-0.028	
907.00	133.2	907.00	133.2	907.00	-0.027	
908.00	133.2	908.00	133.2	908.00	-0.027	
909.00	133.1	909.00	133.1	909.00	-0.026	
910.00	133.1	910.00	133.1	910.00	-0.026	
911.00	133.1	911.00	133.1	911.00	-0.026	
912.00	133.1	912.00	133.1	912.00	-0.025	
913.00	133.0	913.00	133.0	913.00	-0.024	
914.00	133.0	914.00	133.0	914.00	-0.024	
915.00	133.0	915.00	133.0	915.00	-0.023	
916.00	133.0	916.00	133.0	916.00	-0.023	
917.00	132.9	917.00	132.9	917.00	-0.023	
918.00	132.9	918.00	132.9	918.00	-0.022	
919.00	132.9	919.00	132.9	919.00	-0.022	
920.00	132.9	920.00	132.9	920.00	-0.022	
921.00	132.9	921.00	132.9	921.00	-0.021	
922.00	132.8	922.00	132.8	922.00	-0.020	
923.00	132.8	923.00	132.8	923.00	-0.020	
924.00	132.8	924.00	132.8	924.00	-0.019	
925.00	132.8	925.00	132.8	925.00	-0.019	
926.00	132.8	926.00	132.8	926.00	-0.018	
927.00	132.7	927.00	132.7	927.00	-0.018	
928.00	132.7	928.00	132.7	928.00	-0.017	
929.00	132.7	929.00	132.7	929.00	-0.017	
930.00	132.7	930.00	132.7	930.00	-0.016	
931.00	132.7	931.00	132.7	931.00	-0.016	
932.00	132.7	932.00	132.7	932.00	-0.015	
933.00	132.6	933.00	132.6	933.00	-0.015	
934.00	132.6	934.00	132.6	934.00	-0.014	
935.00	132.6	935.00	132.6	935.00	-0.014	
936.00	132.6	936.00	132.6	936.00	-0.013	
937.00	132.6	937.00	132.6	937.00	-0.013	
938.00	132.6	938.00	132.6	938.00	-0.013	
939.00	132.6	939.00	132.6	939.00	-0.012	
940.00	132.5	940.00	132.5	940.00	-0.011	
941.00	132.5	941.00	132.5	941.00	-0.011	
942.00	132.5	942.00	132.5	942.00	-0.010	
943.00	132.5	943.00	132.5	943.00	-0.010	
944.00	132.5	944.00	132.5	944.00	-0.010	
945.00	132.5	945.00	132.5	945.00	-0.009	
946.00	132.5	946.00	132.5	946.00	-0.009	
947.00	132.5	947.00	132.5	947.00	-0.009	
948.00	132.5	948.00	132.5	948.00	-0.008	
949.00	132.5	949.00	132.5	949.00	-0.008	
950.00	132.5	950.00	132.5	950.00	-0.007	
951.00	132.4	951.00	132.4	951.00	-0.007	
952.00	132.4	952.00	132.4	952.00	-0.006	
953.00	132.4	953.00	132.4	953.00	-0.006	
954.00	132.4	954.00	132.4	954.00	-0.005	
955.00	132.4	955.00	132.4	955.00	-0.005	
956.00	132.4	956.00	132.4	956.00	-0.004	
957.00	132.4	957.00	132.4	957.00	-0.004	
958.00	132.4	958.00	132.4	958.00	-0.003	
959.00	132.4	959.00	132.4	959.00	-0.003	
960.00	132.4	960.00	132.4	960.00	-0.003	
961.00	132.4	961.00	132.4	961.00	-0.002	
962.00	132.4	962.00	132.4	962.00	-0.002	
963.00	132.4	963.00	132.4	963.00	-0.001	
964.00	132.4	964.00	132.4	964.00	-0.001	
965.00	132.4	965.00	132.4	965.00	-0.000	
966.00	132.4	966.00	132.4	966.00	0.001	
967.00	132.4	967.00	132.4	967.00	0.001	
968.00	132.4	968.00	132.4	968.00	0.001	
969.00	132.4	969.00	132.4	969.00	0.002	
970.00	132.4	970.00	132.4	970.00	0.002	
971.00	132.4	971.00	132.4	971.00	0.003	
972.00	132.4	972.00	132.4	972.00	0.003	
973.00	132.4	973.00	132.4	973.00	0.004	
974.00	132.4	974.00	132.4	974.00	0.004	
975.00	132.4	975.00	132.4	975.00	0.004	
976.00	132.4	976.00	132.4	976.00	0.005	
977.00	132.4	977.00	132.4	977.00	0.006	
978.00	132.4	978.00	132.4	978.00	0.006	
979.00	132.4	979.00	132.4	979.00	0.007	
980.00	132.5	980.00	132.4	980.00	0.007	
981.00	132.5	981.00	132.5	981.00	0.008	
982.00	132.5	982.00	132.5	982.00	0.008	
983.00	132.5	983.00	132.5	983.00	0.009	
984.00	132.5	984.00	132.5	984.00	0.009	
985.00	132.5	985.00	132.5	985.00	0.009	
986.00	132.5	986.00	132.5	986.00	0.009	
987.00	132.5	987.00	132.5	987.00	0.010	
988.00	132.5	988.00	132.5	988.00	0.010	
989.00	132.5	989.00	132.5	989.00	0.010	
990.00	132.5	990.00	132.5	990.00	0.010	
991.00	132.6	991.00	132.6	991.00	0.011	
992.00	132.6	992.00	132.6	992.00	0.011	
993.00	132.6	993.00	132.6	993.00	0.011	
994.00	132.6	994.00	132.6	994.00	0.012	
995.00	132.6	995.00	132.6	995.00	0.013	
996.00	132.6	996.00	132.6	996.00	0.013	
997.00	132.6	997.00	132.6	997.00	0.013	
998.00	132.6	998.00	132.6	998.00	0.014	
999.00	132.7	999.00	132.6	999.00	0.014	
1.00k	132.7	1.00k	132.7	1.00k	0.015	
1.00k	132.7	1.00k	132.7	1.00k	0.015	
1.00k	132.7	1.00k	132.7	1.00k	0.015	
1.00k	132.7	1.00k	132.7	1.00k	0.016	
1.00k	132.7	1.00k	132.7	1.00k	0.016	
1.01k	132.7	1.01k	132.7	1.01k	0.016	
1.01k	132.8	1.01k	132.8	1.01k	0.017	
1.01k	132.8	1.01k	132.8	1.01k	0.017	
1.01k	132.8	1.01k	132.8	1.01k	0.017	
1.01k	132.8	1.01k	132.8	1.01k	0.017	
1.01k	132.8	1.01k	132.8	1.01k	0.018	
1.01k	132.8	1.01k	132.8	1.01k	0.018	
1.01k	132.9	1.01k	132.9	1.01k	0.018	
1.01k	132.9	1.01k	132.9	1.01k	0.019	
1.01k	132.9	1.01k	132.9	1.01k	0.019	
1.02k	132.9	1.02k	132.9	1.02k	0.019	
1.02k	132.9	1.02k	132.9	1.02k	0.019	
1.02k	133.0	1.02k	133.0	1.02k	0.019	
1.02k	133.0	1.02k	133.0	1.02k	0.019	
1.02k	133.0	1.02k	133.0	1.02k	0.020	
1.02k	133.0	1.02k	133.0	1.02k	0.020	
1.02k	133.0	1.02k	133.0	1.02k	0.020	
1.02k	133.1	1.02k	133.1	1.02k	0.021	
1.02k	133.1	1.02k	133.1	1.02k	0.021	
1.02k	133.1	1.02k	133.1	1.02k	0.021	
1.03k	133.1	1.03k	133.1	1.03k	0.022	
1.03k	133.1	1.03k	133.1	1.03k	0.021	
1.03k	133.2	1.03k	133.2	1.03k	0.022	
1.03k	133.2	1.03k	133.2	1.03k	0.022	
1.03k	133.2	1.03k	133.2	1.03k	0.022	
1.03k	133.2	1.03k	133.2	1.03k	0.022	
1.03k	133.3	1.03k	133.3	1.03k	0.023	
1.03k	133.3	1.03k	133.3	1.03k	0.022	
1.03k	133.3	1.03k	133.3	1.03k	0.023	
1.03k	133.3	1.03k	133.3	1.03k	0.023	
1.04k	133.3	1.04k	133.3	1.04k	0.023	
1.04k	133.4	1.04k	133.4	1.04k	0.023	
1.04k	133.4	1.04k	133.4	1.04k	0.024	
1.04k	133.4	1.04k	133.4	1.04k	0.023	
1.04k	133.4	1.04k	133.4	1.04k	0.024	
1.04k	133.5	1.04k	133.5	1.04k	0.024	
1.04k	133.5	1.04k	133.5	1.04k	0.024	
1.04k	133.5	1.04k	133.5	1.04k	0.024	
1.04k	133.5	1.04k	133.5	1.04k	0.024	
1.04k	133.6	1.04k	133.6	1.04k	0.024	
1.05k	133.6	1.05k	133.6	1.05k	0.024	
1.05k	133.6	1.05k	133.6	1.05k	0.025	
1.05k	133.6	1.05k	133.6	1.05k	0.024	
1.05k	133.7	1.05k	133.7	1.05k	0.025	
1.05k	133.7	1.05k	133.7	1.05k	0.026	
1.05k	133.7	1.05k	133.7	1.05k	0.026	
1.05k	133.7	1.05k	133.7	1.05k	0.026	
1.05k	133.8	1.05k	133.8	1.05k	0.027	
1.05k	133.8	1.05k	133.8	1.05k	0.027	
1.05k	133.8	1.05k	133.8	1.05k	0.027	
1.06k	133.8	1.06k	133.8	1.06k	0.028	
1.06k	133.9	1.06k	133.9	1.06k	0.028	
1.06k	133.9	1.06k	133.9	1.06k	0.028	
1.06k	133.9	1.06k	133.9	1.06k	0.028	
1.06k	134.0	1.06k	133.9	1.06k	0.028	
1.06k	134.0	1.06k	134.0	1.06k	0.028	
1.06k	134.0	1.06k	134.0	1.06k	0.029	
1.06k	134.0	1.06k	134.0	1.06k	0.028	
1.06k	134.1	1.06k	134.1	1.06k	0.029	
1.06k	134.1	1.06k	134.1	1.06k	0.030	
1.07k	134.1	1.07k	134.1	1.07k	0.029	
1.07k	134.2	1.07k	134.2	1.07k	0.030	
1.07k	134.2	1.07k	134.2	1.07k	0.030	
1.07k	134.2	1.07k	134.2	1.07k	0.030	
1.07k	134.2	1.07k	134.3	1.07k	0.030	
1.07k	134.3	1.07k	134.3	1.07k	0.030	
1.07k	134.3	1.07k	134.3	1.07k	0.030	
1.07k	134.3	1.07k	134.3	1.07k	0.029	
1.07k	134.4	1.07k	134.4	1.07k	0.030	
1.07k	134.4	1.07k	134.4	1.07k	0.029	
1.08k	134.4	1.08k	134.4	1.08k	0.028	
1.08k	134.4	1.08k	134.4	1.08k	0.029	
1.08k	134.5	1.08k	134.5	1.08k	0.028	
1.08k	134.5	1.08k	134.5	1.08k	0.027	
1.08k	134.5	1.08k	134.5	1.08k	0.027	
1.08k	134.6	1.08k	134.6	1.08k	0.026	
1.08k	134.6	1.08k	134.6	1.08k	0.025	
1.08k	134.6	1.08k	134.6	1.08k	0.025	
1.08k	134.6	1.08k	134.6	1.08k	0.024	
1.08k	134.7	1.08k	134.7	1.08k	0.023	
1.09k	134.7	1.09k	134.7	1.09k	0.023	
1.09k	134.7	1.09k	134.7	1.09k	0.022	
1.09k	134.7	1.09k	134.7	1.09k	0.022	
1.09k	134.7	1.09k	134.7	1.09k	0.021	
1.09k	134.8	1.09k	134.8	1.09k	0.020	
1.09k	134.8	1.09k	134.8	1.09k	0.020	
1.09k	134.8	1.09k	134.8	1.09k	0.019	
1.09k	134.8	1.09k	134.8	1.09k	0.018	
1.09k	134.8	1.09k	134.8	1.09k	0.017	
1.09k	134.9	1.09k	134.9	1.09k	0.017	
1.10k	134.9	1.10k	134.9	1.10k	0.015	
1.10k	134.9	1.10k	134.9	1.10k	0.014	
1.10k	134.9	1.10k	134.9	1.10k	0.013	
1.10k	134.9	1.10k	134.9	1.10k	0.012	
1.10k	134.9	1.10k	134.9	1.10k	0.011	
1.10k	134.9	1.10k	134.9	1.10k	0.010	
1.10k	134.9	1.10k	134.9	1.10k	0.009	
1.10k	135.0	1.10k	135.0	1.10k	0.008	
1.10k	135.0	1.10k	135.0	1.10k	0.007	
1.10k	135.0	1.10k	135.0	1.10k	0.006	
1.11k	135.0	1.11k	135.0	1.11k	0.004	
1.11k	135.0	1.11k	135.0	1.11k	0.003	
1.11k	135.0	1.11k	135.0	1.11k	0.002	
1.11k	135.0	1.11k	135.0	1.11k	0.000	
1.11k	135.0	1.11k	135.0	1.11k	-0.001	
1.11k	135.0	1.11k	135.0	1.11k	-0.003	
1.11k	135.0	1.11k	135.0	1.11k	-0.004	
1.11k	135.0	1.11k	135.0	1.11k	-0.006	
1.11k	135.0	1.11k	135.0	1.11k	-0.007	
1.11k	135.0	1.11k	135.0	1.11k	-0.009	
1.12k	134.9	1.12k	134.9	1.12k	-0.010	
1.12k	134.9	1.12k	134.9	1.12k	-0.012	
1.12k	134.9	1.12k	134.9	1.12k	-0.013	
1.12k	134.9	1.12k	134.9	1.12k	-0.015	
1.12k	134.9	1.12k	134.9	1.12k	-0.016	
1.12k	134.9	1.12k	134.9	1.12k	-0.018	
1.12k	134.9	1.12k	134.9	1.12k	-0.020	
1.12k	134.8	1.12k	134.8	1.12k	-0.021	
1.12k	134.8	1.12k	134.8	1.12k	-0.022	
1.12k	134.8	1.12k	134.8	1.12k	-0.024	
1.13k	134.8	1.13k	134.8	1.13k	-0.025	
1.13k	134.7	1.13k	134.7	1.13k	-0.027	
1.13k	134.7	1.13k	134.7	1.13k	-0.029	
1.13k	134.7	1.13k	134.7	1.13k	-0.030	
1.13k	134.7	1.13k	134.6	1.13k	-0.031	
1.13k	134.6	1.13k	134.6	1.13k	-0.033	
1.13k	134.6	1.13k	134.6	1.13k	-0.034	
1.13k	134.6	1.13k	134.5	1.13k	-0.036	
1.13k	134.5	1.13k	134.5	1.13k	-0.037	
1.13k	134.5	1.13k	134.5	1.13k	-0.038	
1.14k	134.4	1.14k	134.4	1.14k	-0.038	
1.14k	134.4	1.14k	134.4	1.14k	-0.038	
1.14k	134.4	1.14k	134.4	1.14k	-0.038	
1.14k	134.3	1.14k	134.3	1.14k	-0.037	
1.14k	134.3	1.14k	134.3	1.14k	-0.037	
1.14k	134.3	1.14k	134.3	1.14k	-0.036	
1.14k	134.2	1.14k	134.2	1.14k	-0.035	
1.14k	134.2	1.14k	134.2	1.14k	-0.035	
1.14k	134.1	1.14k	134.2	1.14k	-0.034	
1.14k	134.1	1.14k	134.1	1.14k	-0.034	
1.15k	134.1	1.15k	134.1	1.15k	-0.035	
1.15k	134.0	1.15k	134.1	1.15k	-0.035	
1.15k	134.0	1.15k	134.0	1.15k	-0.036	
1.15k	134.0	1.15k	134.0	1.15k	-0.037	
1.15k	133.9	1.15k	133.9	1.15k	-0.037	
1.15k	133.9	1.15k	133.9	1.15k	-0.037	
1.15k	133.9	1.15k	133.9	1.15k	-0.038	
1.15k	133.8	1.15k	133.8	1.15k	-0.038	
1.15k	133.8	1.15k	133.8	1.15k	-0.038	
1.15k	133.7	1.15k	133.7	1.15k	-0.038	
1.16k	133.7	1.16k	133.7	1.16k	-0.038	
1.16k	133.7	1.16k	133.7	1.16k	-0.039	
1.16k	133.6	1.16k	133.6	1.16k	-0.040	
1.16k	133.6	1.16k	133.6	1.16k	-0.039	
1.16k	133.6	1.16k	133.5	1.16k	-0.039	
1.16k	133.5	1.16k	133.5	1.16k	-0.040	
1.16k	133.5	1.16k	133.5	1.16k	-0.039	
1.16k	133.4	1.16k	133.4	1.16k	-0.039	
1.16k	133.4	1.16k	133.4	1.16k	-0.040	
1.16k	133.4	1.16k	133.4	1.16k	-0.039	
1.17k	133.3	1.17k	133.3	1.17k	-0.039	
1.17k	133.3	1.17k	133.3	1.17k	-0.040	
1.17k	133.2	1.17k	133.2	1.17k	-0.039	
1.17k	133.2	1.17k	133.2	1.17k	-0.040	
1.17k	133.2	1.17k	133.2	1.17k	-0.040	
1.17k	133.1	1.17k	133.1	1.17k	-0.040	
1.17k	133.1	1.17k	133.1	1.17k	-0.040	
1.17k	133.0	1.17k	133.0	1.17k	-0.041	
1.17k	133.0	1.17k	133.0	1.17k	-0.040	
1.17k	133.0	1.17k	132.9	1.17k	-0.040	
1.18k	132.9	1.18k	132.9	1.18k	-0.041	
1.18k	132.9	1.18k	132.9	1.18k	-0.040	
1.18k	132.8	1.18k	132.8	1.18k	-0.040	
1.18k	132.8	1.18k	132.8	1.18k	-0.040	
1.18k	132.8	1.18k	132.8	1.18k	-0.039	
1.18k	132.7	1.18k	132.7	1.18k	-0.039	
1.18k	132.7	1.18k	132.7	1.18k	-0.040	
1.18k	132.6	1.18k	132.6	1.18k	-0.039	
1.18k	132.6	1.18k	132.6	1.18k	-0.039	
1.18k	132.6	1.18k	132.6	1.18k	-0.040	
1.19k	132.5	1.19k	132.5	1.19k	-0.039	
1.19k	132.5	1.19k	132.5	1.19k	-0.039	
1.19k	132.4	1.19k	132.4	1.19k	-0.039	
1.19k	132.4	1.19k	132.4	1.19k	-0.039	
1.19k	132.4	1.19k	132.4	1.19k	-0.039	
1.19k	132.3	1.19k	132.3	1.19k	-0.039	
1.19k	132.3	1.19k	132.3	1.19k	-0.039	
1.19k	132.2	1.19k	132.2	1.19k	-0.038	
1.19k	132.2	1.19k	132.2	1.19k	-0.039	
1.19k	132.2	1.19k	132.2	1.19k	-0.038	
1.20k	132.1	1.20k	132.1	1.20k	-0.038	
1.20k	132.1	1.20k	132.1	1.20k	-0.038	
1.20k	132.1	1.20k	132.1	1.20k	-0.037	
1.20k	132.0	1.20k	132.0	1.20k	-0.037	
1.20k	132.0	1.20k	132.0	1.20k	-0.037	
1.20k	131.9	1.20k	132.0	1.20k	-0.036	
1.20k	131.9	1.20k	131.9	1.20k	-0.036	
1.20k	131.9	1.20k	131.9	1.20k	-0.037	
1.20k	131.8	1.20k	131.9	1.20k	-0.036	
1.20k	131.8	1.20k	131.8	1.20k	-0.036	
1.21k	131.8	1.21k	131.8	1.21k	-0.036	
1.21k	131.7	1.21k	131.7	1.21k	-0.036	
1.21k	131.7	1.21k	131.7	1.21k	-0.035	
1.21k	131.7	1.21k	131.7	1.21k	-0.036	
1.21k	131.6	1.21k	131.6	1.21k	-0.035	
1.21k	131.6	1.21k	131.6	1.21k	-0.035	
1.21k	131.6	1.21k	131.6	1.21k	-0.035	
1.21k	131.5	1.21k	131.5	1.21k	-0.034	
1.21k	131.5	1.21k	131.5	1.21k	-0.033	
1.21k	131.5	1.21k	131.5	1.21k	-0.034	
1.22k	131.4	1.22k	131.4	1.22k	-0.033	
1.22k	131.4	1.22k	131.4	1.22k	-0.033	
1.22k	131.4	1.22k	131.4	1.22k	-0.033	
1.22k	131.3	1.22k	131.3	1.22k	-0.033	
1.22k	131.3	1.22k	131.3	1.22k	-0.033	
1.22k	131.3	1.22k	131.3	1.22k	-0.033	
1.22k	131.2	1.22k	131.2	1.22k	-0.033	
1.22k	131.2	1.22k	131.2	1.22k	-0.033	
1.22k	131.2	1.22k	131.2	1.22k	-0.033	
1.22k	131.1	1.22k	131.1	1.22k	-0.033	
1.23k	131.1	1.23k	131.1	1.23k	-0.032	
1.23k	131.1	1.23k	131.1	1.23k	-0.033	
1.23k	131.0	1.23k	131.0	1.23k	-0.032	
1.23k	131.0	1.23k	131.0	1.23k	-0.032	
1.23k	131.0	1.23k	131.0	1.23k	-0.032	
1.23k	130.9	1.23k	130.9	1.23k	-0.031	
1.23k	130.9	1.23k	130.9	1.23k	-0.031	
1.23k	130.9	1.23k	130.9	1.23k	-0.031	
1.23k	130.8	1.23k	130.8	1.23k	-0.030	
1.23k	130.8	1.23k	130.8	1.23k	-0.030	
1.24k	130.8	1.24k	130.8	1.24k	-0.030	
1.24k	130.8	1.24k	130.8	1.24k	-0.029	
1.24k	130.7	1.24k	130.7	1.24k	-0.028	
1.24k	130.7	1.24k	130.7	1.24k	-0.029	
1.24k	130.7	1.24k	130.7	1.24k	-0.028	
1.24k	130.6	1.24k	130.6	1.24k	-0.028	
1.24k	130.6	1.24k	130.6	1.24k	-0.028	
1.24k	130.6	1.24k	130.6	1.24k	-0.027	
1.24k	130.6	1.24k	130.5	1.24k	-0.027	
1.24k	130.5	1.24k	130.5	1.24k	-0.027	
1.25k	130.5	1.25k	130.5	1.25k	-0.026	
1.25k	130.5	1.25k	130.5	1.25k	-0.026	
1.25k	130.4	1.25k	130.4	1.25k	-0.026	
1.25k	130.4	1.25k	130.4	1.25k	-0.025	
1.25k	130.4	1.25k	130.4	1.25k	-0.025	
1.25k	130.4	1.25k	130.4	1.25k	-0.025	
1.25k	130.3	1.25k	130.4	1.25k	-0.024	
1.25k	130.3	1.25k	130.3	1.25k	-0.024	
1.25k	130.3	1.25k	130.3	1.25k	-0.024	
1.25k	130.3	1.25k	130.3	1.25k	-0.023	
1.26k	130.3	1.26k	130.2	1.26k	-0.023	
1.26k	130.2	1.26k	130.2	1.26k	-0.023	
1.26k	130.2	1.26k	130.2	1.26k	-0.022	
1.26k	130.2	1.26k	130.2	1.26k	-0.022	
1.26k	130.2	1.26k	130.2	1.26k	-0.022	
1.26k	130.1	1.26k	130.2	1.26k	-0.021	
1.26k	130.1	1.26k	130.1	1.26k	-0.021	
1.26k	130.1	1.26k	130.1	1.26k	-0.021	
1.26k	130.1	1.26k	130.1	1.26k	-0.020	
1.26k	130.1	1.26k	130.1	1.26k	-0.020	
1.27k	130.0	1.27k	130.0	1.27k	-0.020	
1.27k	130.0	1.27k	130.0	1.27k	-0.019	
1.27k	130.0	1.27k	130.0	1.27k	-0.019	
1.27k	130.0	1.27k	130.0	1.27k	-0.019	
1.27k	130.0	1.27k	130.0	1.27k	-0.019	
1.27k	129.9	1.27k	129.9	1.27k	-0.018	
1.27k	129.9	1.27k	129.9	1.27k	-0.018	
1.27k	129.9	1.27k	129.9	1.27k	-0.018	
1.27k	129.9	1.27k	129.9	1.27k	-0.017	
1.27k	129.9	1.27k	129.9	1.27k	-0.017	
1.28k	129.9	1.28k	129.9	1.28k	-0.017	
1.28k	129.8	1.28k	129.8	1.28k	-0.017	
1.28k	129.8	1.28k	129.8	1.28k	-0.017	
1.28k	129.8	1.28k	129.8	1.28k	-0.016	
1.28k	129.8	1.28k	129.8	1.28k	-0.016	
1.28k	129.8	1.28k	129.8	1.28k	-0.016	
1.28k	129.8	1.28k	129.8	1.28k	-0.015	
1.28k	129.7	1.28k	129.7	1.28k	-0.015	
1.28k	129.7	1.28k	129.7	1.28k	-0.015	
1.28k	129.7	1.28k	129.7	1.28k	-0.015	
1.29k	129.7	1.29k	129.7	1.29k	-0.015	
1.29k	129.7	1.29k	129.7	1.29k	-0.015	
1.29k	129.7	1.29k	129.7	1.29k	-0.014	
1.29k	129.7	1.29k	129.7	1.29k	-0.014	
1.29k	129.6	1.29k	129.6	1.29k	-0.014	
1.29k	129.6	1.29k	129.6	1.29k	-0.013	
1.29k	129.6	1.29k	129.6	1.29k	-0.013	
1.29k	129.6	1.29k	129.6	1.29k	-0.013	
1.29k	129.6	1.29k	129.6	1.29k	-0.012	
1.29k	129.6	1.29k	129.6	1.29k	-0.012	
1.30k	129.6	1.30k	129.6	1.30k	-0.012	
1.30k	129.6	1.30k	129.6	1.30k	-0.012	
1.30k	129.5	1.30k	129.5	1.30k	-0.012	
1.30k	129.5	1.30k	129.5	1.30k	-0.012	
1.30k	129.5	1.30k	129.5	1.30k	-0.012	
1.30k	129.5	1.30k	129.5	1.30k	-0.011	
1.30k	129.5	1.30k	129.5	1.30k	-0.011	
1.30k	129.5	1.30k	129.5	1.30k	-0.011	
1.30k	129.5	1.30k	129.5	1.30k	-0.011	
1.30k	129.5	1.30k	129.5	1.30k	-0.011	
1.31k	129.5	1.31k	129.5	1.31k	-0.011	
1.31k	129.4	1.31k	129.4	1.31k	-0.010	
1.31k	129.4	1.31k	129.4	1.31k	-0.010	
1.31k	129.4	1.31k	129.4	1.31k	-0.010	
1.31k	129.4	1.31k	129.4	1.31k	-0.009	
1.31k	129.4	1.31k	129.4	1.31k	-0.010	
1.31k	129.4	1.31k	129.4	1.31k	-0.009	
1.31k	129.4	1.31k	129.4	1.31k	-0.009	
1.31k	129.4	1.31k	129.4	1.31k	-0.009	
1.31k	129.4	1.31k	129.4	1.31k	-0.009	
1.32k	129.4	1.32k	129.4	1.32k	-0.009	
1.32k	129.3	1.32k	129.4	1.32k	-0.009	
1.32k	129.3	1.32k	129.3	1.32k	-0.009	
1.32k	129.3	1.32k	129.3	1.32k	-0.009	
1.32k	129.3	1.32k	129.3	1.32k	-0.009	
1.32k	129.3	1.32k	129.3	1.32k	-0.009	
1.32k	129.3	1.32k	129.3	1.32k	-0.009	
1.32k	129.3	1.32k	129.3	1.32k	-0.009	
1.32k	129.3	1.32k	129.3	1.32k	-0.009	
1.32k	129.3	1.32k	129.3	1.32k	-0.009	
1.33k	129.3	1.33k	129.3	1.33k	-0.009	
1.33k	129.3	1.33k	129.3	1.33k	-0.008	
1.33k	129.3	1.33k	129.3	1.33k	-0.008	
1.33k	129.2	1.33k	129.2	1.33k	-0.008	
1.33k	129.2	1.33k	129.2	1.33k	-0.008	
1.33k	129.2	1.33k	129.2	1.33k	-0.008	
1.33k	129.2	1.33k	129.2	1.33k	-0.008	
1.33k	129.2	1.33k	129.2	1.33k	-0.008	
1.33k	129.2	1.33k	129.2	1.33k	-0.008	
1.33k	129.2	1.33k	129.2	1.33k	-0.008	
1.34k	129.2	1.34k	129.2	1.34k	-0.008	
1.34k	129.2	1.34k	129.2	1.34k	-0.007	
1.34k	129.2	1.34k	129.2	1.34k	-0.007	
1.34k	129.2	1.34k	129.2	1.34k	-0.007	
1.34k	129.2	1.34k	129.2	1.34k	-0.007	
1.34k	129.2	1.34k	129.2	1.34k	-0.007	
1.34k	129.1	1.34k	129.1	1.34k	-0.007	
1.34k	129.1	1.34k	129.1	1.34k	-0.007	
1.34k	129.1	1.34k	129.1	1.34k	-0.007	
1.34k	129.1	1.34k	129.1	1.34k	-0.007	
1.35k	129.1	1.35k	129.1	1.35k	-0.007	
1.35k	129.1	1.35k	129.1	1.35k	-0.008	
1.35k	129.1	1.35k	129.1	1.35k	-0.008	
1.35k	129.1	1.35k	129.1	1.35k	-0.008	
1.35k	129.1	1.35k	129.1	1.35k	-0.008	
1.35k	129.1	1.35k	129.1	1.35k	-0.008	
1.35k	129.1	1.35k	129.1	1.35k	-0.008	
1.35k	129.1	1.35k	129.1	1.35k	-0.008	
1.35k	129.1	1.35k	129.1	1.35k	-0.008	
1.35k	129.0	1.35k	129.0	1.35k	-0.008	
1.36k	129.0	1.36k	129.0	1.36k	-0.008	
1.36k	129.0	1.36k	129.0	1.36k	-0.008	
1.36k	129.0	1.36k	129.0	1.36k	-0.008	
1.36k	129.0	1.36k	129.0	1.36k	-0.008	
1.36k	129.0	1.36k	129.0	1.36k	-0.008	
1.36k	129.0	1.36k	129.0	1.36k	-0.008	
1.36k	129.0	1.36k	129.0	1.36k	-0.008	
1.36k	129.0	1.36k	129.0	1.36k	-0.008	
1.36k	129.0	1.36k	129.0	1.36k	-0.008	
1.36k	129.0	1.36k	129.0	1.36k	-0.009	
1.37k	129.0	1.37k	129.0	1.37k	-0.009	
1.37k	128.9	1.37k	128.9	1.37k	-0.009	
1.37k	128.9	1.37k	128.9	1.37k	-0.009	
1.37k	128.9	1.37k	128.9	1.37k	-0.009	
1.37k	128.9	1.37k	128.9	1.37k	-0.010	
1.37k	128.9	1.37k	128.9	1.37k	-0.010	
1.37k	128.9	1.37k	128.9	1.37k	-0.010	
1.37k	128.9	1.37k	128.9	1.37k	-0.010	
1.37k	128.9	1.37k	128.9	1.37k	-0.010	
1.37k	128.9	1.37k	128.9	1.37k	-0.010	
1.38k	128.9	1.38k	128.9	1.38k	-0.010	
1.38k	128.9	1.38k	128.9	1.38k	-0.011	
1.38k	128.8	1.38k	128.8	1.38k	-0.011	
1.38k	128.8	1.38k	128.8	1.38k	-0.011	
1.38k	128.8	1.38k	128.8	1.38k	-0.012	
1.38k	128.8	1.38k	128.8	1.38k	-0.012	
1.38k	128.8	1.38k	128.8	1.38k	-0.012	
1.38k	128.8	1.38k	128.8	1.38k	-0.012	
1.38k	128.8	1.38k	128.8	1.38k	-0.012	
1.38k	128.8	1.38k	128.8	1.38k	-0.013	
1.39k	128.7	1.39k	128.7	1.39k	-0.013	
1.39k	128.7	1.39k	128.7	1.39k	-0.013	
1.39k	128.7	1.39k	128.7	1.39k	-0.013	
1.39k	128.7	1.39k	128.7	1.39k	-0.014	
1.39k	128.7	1.39k	128.7	1.39k	-0.014	
1.39k	128.7	1.39k	128.7	1.39k	-0.014	
1.39k	128.7	1.39k	128.7	1.39k	-0.015	
1.39k	128.6	1.39k	128.6	1.39k	-0.015	
1.39k	128.6	1.39k	128.6	1.39k	-0.015	
1.39k	128.6	1.39k	128.6	1.39k	-0.015	
1.40k	128.6	1.40k	128.6	1.40k	-0.015	
1.40k	128.6	1.40k	128.6	1.40k	-0.016	
1.40k	128.6	1.40k	128.6	1.40k	-0.016	
1.40k	128.6	1.40k	128.6	1.40k	-0.016	
1.40k	128.5	1.40k	128.5	1.40k	-0.017	
1.40k	128.5	1.40k	128.5	1.40k	-0.017	
1.40k	128.5	1.40k	128.5	1.40k	-0.018	
1.40k	128.5	1.40k	128.5	1.40k	-0.018	
1.40k	128.5	1.40k	128.5	1.40k	-0.018	
1.40k	128.4	1.40k	128.5	1.40k	-0.018	
1.41k	128.4	1.41k	128.4	1.41k	-0.019	
1.41k	128.4	1.41k	128.4	1.41k	-0.019	
1.41k	128.4	1.41k	128.4	1.41k	-0.019	
1.41k	128.4	1.41k	128.4	1.41k	-0.019	
1.41k	128.4	1.41k	128.4	1.41k	-0.020	
1.41k	128.3	1.41k	128.3	1.41k	-0.020	
1.41k	128.3	1.41k	128.3	1.41k	-0.020	
1.41k	128.3	1.41k	128.3	1.41k	-0.021	
1.41k	128.3	1.41k	128.3	1.41k	-0.021	
1.41k	128.3	1.41k	128.2	1.41k	-0.021	
1.42k	128.2	1.42k	128.2	1.42k	-0.022	
1.42k	128.2	1.42k	128.2	1.42k	-0.022	
1.42k	128.2	1.42k	128.2	1.42k	-0.022	
1.42k	128.2	1.42k	128.2	1.42k	-0.023	
1.42k	128.1	1.42k	128.1	1.42k	-0.022	
1.42k	128.1	1.42k	128.1	1.42k	-0.022	
1.42k	128.1	1.42k	128.1	1.42k	-0.023	
1.42k	128.1	1.42k	128.1	1.42k	-0.023	
1.42k	128.1	1.42k	128.0	1.42k	-0.024	
1.42k	128.0	1.42k	128.0	1.42k	-0.025	
1.43k	128.0	1.43k	128.0	1.43k	-0.025	
1.43k	128.0	1.43k	128.0	1.43k	-0.026	
1.43k	127.9	1.43k	128.0	1.43k	-0.027	
1.43k	127.9	1.43k	127.9	1.43k	-0.027	
1.43k	127.9	1.43k	127.9	1.43k	-0.027	
1.43k	127.9	1.43k	127.9	1.43k	-0.028	
1.43k	127.8	1.43k	127.8	1.43k	-0.028	
1.43k	127.8	1.43k	127.8	1.43k	-0.029	
1.43k	127.8	1.43k	127.8	1.43k	-0.029	
1.43k	127.8	1.43k	127.8	1.43k	-0.029	
1.44k	127.7	1.44k	127.7	1.44k	-0.030	
1.44k	127.7	1.44k	127.7	1.44k	-0.030	
1.44k	127.7	1.44k	127.7	1.44k	-0.030	
1.44k	127.6	1.44k	127.6	1.44k	-0.031	
1.44k	127.6	1.44k	127.6	1.44k	-0.032	
1.44k	127.6	1.44k	127.6	1.44k	-0.032	
1.44k	127.5	1.44k	127.5	1.44k	-0.033	
1.44k	127.5	1.44k	127.5	1.44k	-0.034	
1.44k	127.5	1.44k	127.5	1.44k	-0.034	
1.44k	127.4	1.44k	127.4	1.44k	-0.035	
1.45k	127.4	1.45k	127.4	1.45k	-0.036	
1.45k	127.4	1.45k	127.4	1.45k	-0.036	
1.45k	127.3	1.45k	127.3	1.45k	-0.037	
1.45k	127.3	1.45k	127.3	1.45k	-0.038	
1.45k	127.3	1.45k	127.3	1.45k	-0.038	
1.45k	127.2	1.45k	127.2	1.45k	-0.039	
1.45k	127.2	1.45k	127.2	1.45k	-0.040	
1.45k	127.1	1.45k	127.1	1.45k	-0.040	
1.45k	127.1	1.45k	127.1	1.45k	-0.041	
1.45k	127.1	1.45k	127.0	1.45k	-0.042	
1.46k	127.0	1.46k	127.0	1.46k	-0.042	
1.46k	127.0	1.46k	127.0	1.46k	-0.043	
1.46k	126.9	1.46k	126.9	1.46k	-0.045	
1.46k	126.9	1.46k	126.9	1.46k	-0.045	
1.46k	126.8	1.46k	126.8	1.46k	-0.045	
1.46k	126.8	1.46k	126.8	1.46k	-0.047	
1.46k	126.7	1.46k	126.8	1.46k	-0.047	
1.46k	126.7	1.46k	126.7	1.46k	-0.048	
1.46k	126.6	1.46k	126.7	1.46k	-0.049	
1.46k	126.6	1.46k	126.6	1.46k	-0.049	
1.47k	126.5	1.47k	126.5	1.47k	-0.050	
1.47k	126.5	1.47k	126.5	1.47k	-0.051	
1.47k	126.4	1.47k	126.5	1.47k	-0.050	
1.47k	126.4	1.47k	126.4	1.47k	-0.050	
1.47k	126.3	1.47k	126.3	1.47k	-0.051	
1.47k	126.3	1.47k	126.3	1.47k	-0.050	
1.47k	126.2	1.47k	126.2	1.47k	-0.050	
1.47k	126.2	1.47k	126.2	1.47k	-0.051	
1.47k	126.1	1.47k	126.2	1.47k	-0.049	
1.47k	126.1	1.47k	126.1	1.47k	-0.049	
1.48k	126.0	1.48k	126.0	1.48k	-0.050	
1.48k	126.0	1.48k	126.0	1.48k	-0.049	
1.48k	125.9	1.48k	125.9	1.48k	-0.049	
1.48k	125.9	1.48k	125.9	1.48k	-0.050	
1.48k	125.8	1.48k	125.9	1.48k	-0.050	
1.48k	125.8	1.48k	125.8	1.48k	-0.050	
1.48k	125.7	1.48k	125.7	1.48k	-0.051	
1.48k	125.7	1.48k	125.7	1.48k	-0.051	
1.48k	125.6	1.48k	125.6	1.48k	-0.051	
1.48k	125.6	1.48k	125.6	1.48k	-0.052	
1.49k	125.5	1.49k	125.6	1.49k	-0.051	
1.49k	125.5	1.49k	125.5	1.49k	-0.051	
1.49k	125.4	1.49k	125.4	1.49k	-0.052	
1.49k	125.4	1.49k	125.4	1.49k	-0.052	
1.49k	125.3	1.49k	125.3	1.49k	-0.052	
1.49k	125.3	1.49k	125.3	1.49k	-0.053	
1.49k	125.2	1.49k	125.2	1.49k	-0.052	
1.49k	125.2	1.49k	125.2	1.49k	-0.052	
1.49k	125.1	1.49k	125.1	1.49k	-0.053	
1.49k	125.1	1.49k	125.1	1.49k	-0.052	
1.50k	125.0	1.50k	125.0	1.50k	-0.052	
1.50k	125.0	1.50k	125.0	1.50k	-0.053	
1.50k	124.9	1.50k	124.9	1.50k	-0.052	
1.50k	124.9	1.50k	124.9	1.50k	-0.052	
1.50k	124.8	1.50k	124.8	1.50k	-0.052	
1.50k	124.8	1.50k	124.8	1.50k	-0.052	
1.50k	124.7	1.50k	124.7	1.50k	-0.051	
1.50k	124.7	1.50k	124.7	1.50k	-0.052	
1.50k	124.6	1.50k	124.6	1.50k	-0.051	
1.50k	124.6	1.50k	124.5	1.50k	-0.051	
1.51k	124.5	1.51k	124.5	1.51k	-0.052	
1.51k	124.5	1.51k	124.5	1.51k	-0.051	
1.51k	124.4	1.51k	124.4	1.51k	-0.051	
1.51k	124.3	1.51k	124.3	1.51k	-0.052	
1.51k	124.3	1.51k	124.3	1.51k	-0.051	
1.51k	124.2	1.51k	124.2	1.51k	-0.051	
1.51k	124.2	1.51k	124.2	1.51k	-0.051	
1.51k	124.1	1.51k	124.2	1.51k	-0.050	
1.51k	124.1	1.51k	124.1	1.51k	-0.050	
1.51k	124.0	1.51k	124.0	1.51k	-0.051	
1.52k	124.0	1.52k	124.0	1.52k	-0.050	
1.52k	123.9	1.52k	123.9	1.52k	-0.050	
1.52k	123.9	1.52k	123.9	1.52k	-0.050	
1.52k	123.8	1.52k	123.9	1.52k	-0.049	
1.52k	123.8	1.52k	123.8	1.52k	-0.049	
1.52k	123.7	1.52k	123.7	1.52k	-0.050	
1.52k	123.7	1.52k	123.7	1.52k	-0.049	
1.52k	123.6	1.52k	123.6	1.52k	-0.049	
1.52k	123.6	1.52k	123.6	1.52k	-0.049	
1.52k	123.6	1.52k	123.6	1.52k	-0.048	
1.53k	123.5	1.53k	123.5	1.53k	-0.048	
1.53k	123.5	1.53k	123.5	1.53k	-0.049	
1.53k	123.4	1.53k	123.4	1.53k	-0.047	
1.53k	123.4	1.53k	123.3	1.53k	-0.047	
1.53k	123.3	1.53k	123.3	1.53k	-0.048	
1.53k	123.3	1.53k	123.3	1.53k	-0.047	
1.53k	123.2	1.53k	123.2	1.53k	-0.046	
1.53k	123.2	1.53k	123.2	1.53k	-0.047	
1.53k	123.1	1.53k	123.1	1.53k	-0.046	
1.53k	123.1	1.53k	123.1	1.53k	-0.046	
1.54k	123.0	1.54k	123.0	1.54k	-0.046	
1.54k	123.0	1.54k	123.0	1.54k	-0.045	
1.54k	122.9	1.54k	122.9	1.54k	-0.045	
1.54k	122.9	1.54k	122.9	1.54k	-0.046	
1.54k	122.9	1.54k	122.9	1.54k	-0.044	
1.54k	122.8	1.54k	122.8	1.54k	-0.044	
1.54k	122.8	1.54k	122.8	1.54k	-0.045	
1.54k	122.7	1.54k	122.7	1.54k	-0.044	
1.54k	122.7	1.54k	122.7	1.54k	-0.043	
1.54k	122.6	1.54k	122.6	1.54k	-0.044	
1.55k	122.6	1.55k	122.6	1.55k	-0.043	
1.55k	122.5	1.55k	122.5	1.55k	-0.043	
1.55k	122.5	1.55k	122.5	1.55k	-0.043	
1.55k	122.5	1.55k	122.5	1.55k	-0.042	
1.55k	122.4	1.55k	122.4	1.55k	-0.042	
1.55k	122.4	1.55k	122.4	1.55k	-0.043	
1.55k	122.3	1.55k	122.3	1.55k	-0.042	
1.55k	122.3	1.55k	122.3	1.55k	-0.041	
1.55k	122.2	1.55k	122.3	1.55k	-0.042	
1.55k	122.2	1.55k	122.2	1.55k	-0.041	
1.56k	122.2	1.56k	122.2	1.56k	-0.041	
1.56k	122.1	1.56k	122.1	1.56k	-0.041	
1.56k	122.1	1.56k	122.1	1.56k	-0.040	
1.56k	122.0	1.56k	122.0	1.56k	-0.040	
1.56k	122.0	1.56k	122.0	1.56k	-0.041	
1.56k	122.0	1.56k	122.0	1.56k	-0.040	
1.56k	121.9	1.56k	121.9	1.56k	-0.040	
1.56k	121.9	1.56k	121.9	1.56k	-0.040	
1.56k	121.8	1.56k	121.9	1.56k	-0.039	
1.56k	121.8	1.56k	121.8	1.56k	-0.039	
1.57k	121.8	1.57k	121.8	1.57k	-0.039	
1.57k	121.7	1.57k	121.7	1.57k	-0.039	
1.57k	121.7	1.57k	121.7	1.57k	-0.038	
1.57k	121.7	1.57k	121.7	1.57k	-0.038	
1.57k	121.6	1.57k	121.6	1.57k	-0.037	
1.57k	121.6	1.57k	121.6	1.57k	-0.037	
1.57k	121.5	1.57k	121.5	1.57k	-0.038	
1.57k	121.5	1.57k	121.5	1.57k	-0.037	
1.57k	121.5	1.57k	121.5	1.57k	-0.036	
1.57k	121.4	1.57k	121.4	1.57k	-0.037	
1.58k	121.4	1.58k	121.4	1.58k	-0.036	
1.58k	121.4	1.58k	121.3	1.58k	-0.036	
1.58k	121.3	1.58k	121.3	1.58k	-0.036	
1.58k	121.3	1.58k	121.3	1.58k	-0.036	
1.58k	121.2	1.58k	121.2	1.58k	-0.035	
1.58k	121.2	1.58k	121.2	1.58k	-0.036	
1.58k	121.2	1.58k	121.2	1.58k	-0.035	
1.58k	121.1	1.58k	121.1	1.58k	-0.035	
1.58k	121.1	1.58k	121.1	1.58k	-0.035	
1.58k	121.1	1.58k	121.1	1.58k	-0.035	
1.59k	121.0	1.59k	121.0	1.59k	-0.034	
1.59k	121.0	1.59k	121.0	1.59k	-0.035	
1.59k	121.0	1.59k	121.0	1.59k	-0.034	
1.59k	120.9	1.59k	120.9	1.59k	-0.034	
1.59k	120.9	1.59k	120.9	1.59k	-0.034	
1.59k	120.9	1.59k	120.9	1.59k	-0.033	
1.59k	120.8	1.59k	120.8	1.59k	-0.033	
1.59k	120.8	1.59k	120.8	1.59k	-0.033	
1.59k	120.8	1.59k	120.8	1.59k	-0.032	
1.59k	120.7	1.59k	120.7	1.59k	-0.032	
1.60k	120.7	1.60k	120.7	1.60k	-0.033	
1.60k	120.7	1.60k	120.7	1.60k	-0.032	
1.60k	120.6	1.60k	120.6	1.60k	-0.032	
1.60k	120.6	1.60k	120.6	1.60k	-0.032	
1.60k	120.6	1.60k	120.6	1.60k	-0.031	
1.60k	120.5	1.60k	120.5	1.60k	-0.031	
1.60k	120.5	1.60k	120.5	1.60k	-0.032	
1.60k	120.5	1.60k	120.5	1.60k	-0.031	
1.60k	120.5	1.60k	120.4	1.60k	-0.031	
1.60k	120.4	1.60k	120.4	1.60k	-0.031	
1.61k	120.4	1.61k	120.4	1.61k	-0.030	
1.61k	120.4	1.61k	120.4	1.61k	-0.030	
1.61k	120.3	1.61k	120.3	1.61k	-0.030	
1.61k	120.3	1.61k	120.3	1.61k	-0.030	
1.61k	120.3	1.61k	120.3	1.61k	-0.029	
1.61k	120.2	1.61k	120.2	1.61k	-0.030	
1.61k	120.2	1.61k	120.2	1.61k	-0.029	
1.61k	120.2	1.61k	120.2	1.61k	-0.029	
1.61k	120.2	1.61k	120.2	1.61k	-0.029	
1.61k	120.1	1.61k	120.1	1.61k	-0.029	
1.62k	120.1	1.62k	120.1	1.62k	-0.028	
1.62k	120.1	1.62k	120.1	1.62k	-0.029	
1.62k	120.0	1.62k	120.0	1.62k	-0.028	
1.62k	120.0	1.62k	120.0	1.62k	-0.028	
1.62k	120.0	1.62k	120.0	1.62k	-0.028	
1.62k	120.0	1.62k	120.0	1.62k	-0.027	
1.62k	119.9	1.62k	119.9	1.62k	-0.027	
1.62k	119.9	1.62k	119.9	1.62k	-0.027	
1.62k	119.9	1.62k	119.9	1.62k	-0.027	
1.62k	119.8	1.62k	119.8	1.62k	-0.027	
1.63k	119.8	1.63k	119.8	1.63k	-0.027	
1.63k	119.8	1.63k	119.8	1.63k	-0.027	
1.63k	119.8	1.63k	119.8	1.63k	-0.026	
1.63k	119.7	1.63k	119.7	1.63k	-0.027	
1.63k	119.7	1.63k	119.7	1.63k	-0.026	
1.63k	119.7	1.63k	119.7	1.63k	-0.026	
1.63k	119.7	1.63k	119.7	1.63k	-0.026	
1.63k	119.6	1.63k	119.6	1.63k	-0.026	
1.63k	119.6	1.63k	119.6	1.63k	-0.025	
1.63k	119.6	1.63k	119.6	1.63k	-0.026	
1.64k	119.6	1.64k	119.6	1.64k	-0.025	
1.64k	119.5	1.64k	119.5	1.64k	-0.025	
1.64k	119.5	1.64k	119.5	1.64k	-0.025	
1.64k	119.5	1.64k	119.5	1.64k	-0.024	
1.64k	119.5	1.64k	119.5	1.64k	-0.024	
1.64k	119.4	1.64k	119.4	1.64k	-0.024	
1.64k	119.4	1.64k	119.4	1.64k	-0.024	
1.64k	119.4	1.64k	119.4	1.64k	-0.024	
1.64k	119.4	1.64k	119.4	1.64k	-0.024	
1.64k	119.3	1.64k	119.3	1.64k	-0.023	
1.65k	119.3	1.65k	119.3	1.65k	-0.023	
1.65k	119.3	1.65k	119.3	1.65k	-0.023	
1.65k	119.3	1.65k	119.3	1.65k	-0.023	
1.65k	119.2	1.65k	119.2	1.65k	-0.023	
1.65k	119.2	1.65k	119.2	1.65k	-0.023	
1.65k	119.2	1.65k	119.2	1.65k	-0.023	
1.65k	119.2	1.65k	119.2	1.65k	-0.022	
1.65k	119.2	1.65k	119.2	1.65k	-0.023	
1.65k	119.1	1.65k	119.1	1.65k	-0.022	
1.65k	119.1	1.65k	119.1	1.65k	-0.022	
1.66k	119.1	1.66k	119.1	1.66k	-0.022	
1.66k	119.1	1.66k	119.1	1.66k	-0.022	
1.66k	119.0	1.66k	119.0	1.66k	-0.022	
1.66k	119.0	1.66k	119.0	1.66k	-0.022	
1.66k	119.0	1.66k	119.0	1.66k	-0.021	
1.66k	119.0	1.66k	119.0	1.66k	-0.021	
1.66k	119.0	1.66k	119.0	1.66k	-0.021	
1.66k	118.9	1.66k	118.9	1.66k	-0.020	
1.66k	118.9	1.66k	118.9	1.66k	-0.020	
1.66k	118.9	1.66k	118.9	1.66k	-0.021	
1.67k	118.9	1.67k	118.9	1.67k	-0.020	
1.67k	118.9	1.67k	118.9	1.67k	-0.020	
1.67k	118.8	1.67k	118.8	1.67k	-0.021	
1.67k	118.8	1.67k	118.8	1.67k	-0.020	
1.67k	118.8	1.67k	118.8	1.67k	-0.020	
1.67k	118.8	1.67k	118.8	1.67k	-0.020	
1.67k	118.8	1.67k	118.8	1.67k	-0.020	
1.67k	118.7	1.67k	118.7	1.67k	-0.020	
1.67k	118.7	1.67k	118.7	1.67k	-0.020	
1.67k	118.7	1.67k	118.7	1.67k	-0.019	
1.68k	118.7	1.68k	118.7	1.68k	-0.019	
1.68k	118.7	1.68k	118.7	1.68k	-0.019	
1.68k	118.6	1.68k	118.6	1.68k	-0.019	
1.68k	118.6	1.68k	118.6	1.68k	-0.018	
1.68k	118.6	1.68k	118.6	1.68k	-0.019	
1.68k	118.6	1.68k	118.6	1.68k	-0.018	
1.68k	118.6	1.68k	118.6	1.68k	-0.018	
1.68k	118.6	1.68k	118.6	1.68k	-0.019	
1.68k	118.5	1.68k	118.5	1.68k	-0.018	
1.68k	118.5	1.68k	118.5	1.68k	-0.018	
1.69k	118.5	1.69k	118.5	1.69k	-0.018	
1.69k	118.5	1.69k	118.5	1.69k	-0.018	
1.69k	118.5	1.69k	118.5	1.69k	-0.018	
1.69k	118.4	1.69k	118.4	1.69k	-0.018	
1.69k	118.4	1.69k	118.4	1.69k	-0.017	
1.69k	118.4	1.69k	118.4	1.69k	-0.017	
1.69k	118.4	1.69k	118.4	1.69k	-0.017	
1.69k	118.4	1.69k	118.4	1.69k	-0.017	
1.69k	118.4	1.69k	118.4	1.69k	-0.017	
1.69k	118.3	1.69k	118.3	1.69k	-0.017	
1.70k	118.3	1.70k	118.3	1.70k	-0.017	
1.70k	118.3	1.70k	118.3	1.70k	-0.017	
1.70k	118.3	1.70k	118.3	1.70k	-0.017	
1.70k	118.3	1.70k	118.3	1.70k	-0.017	
1.70k	118.3	1.70k	118.3	1.70k	-0.016	
1.70k	118.2	1.70k	118.2	1.70k	-0.017	
1.70k	118.2	1.70k	118.2	1.70k	-0.016	
1.70k	118.2	1.70k	118.2	1.70k	-0.016	
1.70k	118.2	1.70k	118.2	1.70k	-0.016	
1.70k	118.2	1.70k	118.2	1.70k	-0.016	
1.71k	118.2	1.71k	118.2	1.71k	-0.015	
1.71k	118.1	1.71k	118.1	1.71k	-0.015	
1.71k	118.1	1.71k	118.1	1.71k	-0.015	
1.71k	118.1	1.71k	118.1	1.71k	-0.015	
1.71k	118.1	1.71k	118.1	1.71k	-0.015	
1.71k	118.1	1.71k	118.1	1.71k	-0.015	
1.71k	118.1	1.71k	118.1	1.71k	-0.015	
1.71k	118.1	1.71k	118.1	1.71k	-0.015	
1.71k	118.0	1.71k	118.0	1.71k	-0.015	
1.71k	118.0	1.71k	118.0	1.71k	-0.015	
1.72k	118.0	1.72k	118.0	1.72k	-0.015	
1.72k	118.0	1.72k	118.0	1.72k	-0.014	
1.72k	118.0	1.72k	118.0	1.72k	-0.014	
1.72k	118.0	1.72k	118.0	1.72k	-0.014	
1.72k	118.0	1.72k	118.0	1.72k	-0.014	
1.72k	117.9	1.72k	117.9	1.72k	-0.014	
1.72k	117.9	1.72k	117.9	1.72k	-0.014	
1.72k	117.9	1.72k	117.9	1.72k	-0.014	
1.72k	117.9	1.72k	117.9	1.72k	-0.014	
1.72k	117.9	1.72k	117.9	1.72k	-0.014	
1.73k	117.9	1.73k	117.9	1.73k	-0.013	
1.73k	117.9	1.73k	117.9	1.73k	-0.013	
1.73k	117.8	1.73k	117.8	1.73k	-0.013	
1.73k	117.8	1.73k	117.8	1.73k	-0.013	
1.73k	117.8	1.73k	117.8	1.73k	-0.013	
1.73k	117.8	1.73k	117.8	1.73k	-0.013	
1.73k	117.8	1.73k	117.8	1.73k	-0.013	
1.73k	117.8	1.73k	117.8	1.73k	-0.013	
1.73k	117.8	1.73k	117.8	1.73k	-0.013	
1.73k	117.8	1.73k	117.8	1.73k	-0.013	
1.74k	117.7	1.74k	117.7	1.74k	-0.013	
1.74k	117.7	1.74k	117.7	1.74k	-0.013	
1.74k	117.7	1.74k	117.7	1.74k	-0.013	
1.74k	117.7	1.74k	117.7	1.74k	-0.012	
1.74k	117.7	1.74k	117.7	1.74k	-0.013	
1.74k	117.7	1.74k	117.7	1.74k	-0.012	
1.74k	117.7	1.74k	117.7	1.74k	-0.012	
1.74k	117.7	1.74k	117.7	1.74k	-0.012	
1.74k	117.6	1.74k	117.6	1.74k	-0.012	
1.74k	117.6	1.74k	117.6	1.74k	-0.012	
1.75k	117.6	1.75k	117.6	1.75k	-0.012	
1.75k	117.6	1.75k	117.6	1.75k	-0.011	
1.75k	117.6	1.75k	117.6	1.75k	-0.011	
1.75k	117.6	1.75k	117.6	1.75k	-0.011	
1.75k	117.6	1.75k	117.6	1.75k	-0.011	
1.75k	117.6	1.75k	117.6	1.75k	-0.011	
1.75k	117.5	1.75k	117.6	1.75k	-0.011	
1.75k	117.5	1.75k	117.5	1.75k	-0.011	
1.75k	117.5	1.75k	117.5	1.75k	-0.011	
1.75k	117.5	1.75k	117.5	1.75k	-0.011	
1.76k	117.5	1.76k	117.5	1.76k	-0.011	
1.76k	117.5	1.76k	117.5	1.76k	-0.011	
1.76k	117.5	1.76k	117.5	1.76k	-0.011	
1.76k	117.5	1.76k	117.5	1.76k	-0.011	
1.76k	117.5	1.76k	117.5	1.76k	-0.011	
1.76k	117.5	1.76k	117.4	1.76k	-0.010	
1.76k	117.4	1.76k	117.4	1.76k	-0.010	
1.76k	117.4	1.76k	117.4	1.76k	-0.010	
1.76k	117.4	1.76k	117.4	1.76k	-0.010	
1.76k	117.4	1.76k	117.4	1.76k	-0.010	
1.77k	117.4	1.77k	117.4	1.77k	-0.010	
1.77k	117.4	1.77k	117.4	1.77k	-0.010	
1.77k	117.4	1.77k	117.4	1.77k	-0.010	
1.77k	117.4	1.77k	117.4	1.77k	-0.009	
1.77k	117.4	1.77k	117.4	1.77k	-0.010	
1.77k	117.4	1.77k	117.4	1.77k	-0.010	
1.77k	117.3	1.77k	117.3	1.77k	-0.010	
1.77k	117.3	1.77k	117.3	1.77k	-0.010	
1.77k	117.3	1.77k	117.3	1.77k	-0.009	
1.77k	117.3	1.77k	117.3	1.77k	-0.009	
1.78k	117.3	1.78k	117.3	1.78k	-0.009	
1.78k	117.3	1.78k	117.3	1.78k	-0.009	
1.78k	117.3	1.78k	117.3	1.78k	-0.009	
1.78k	117.3	1.78k	117.3	1.78k	-0.009	
1.78k	117.3	1.78k	117.3	1.78k	-0.009	
1.78k	117.3	1.78k	117.3	1.78k	-0.009	
1.78k	117.3	1.78k	117.2	1.78k	-0.009	
1.78k	117.2	1.78k	117.2	1.78k	-0.009	
1.78k	117.2	1.78k	117.2	1.78k	-0.009	
1.78k	117.2	1.78k	117.2	1.78k	-0.009	
1.79k	117.2	1.79k	117.2	1.79k	-0.009	
1.79k	117.2	1.79k	117.2	1.79k	-0.009	
1.79k	117.2	1.79k	117.2	1.79k	-0.009	
1.79k	117.2	1.79k	117.2	1.79k	-0.009	
1.79k	117.2	1.79k	117.2	1.79k	-0.009	
1.79k	117.2	1.79k	117.2	1.79k	-0.010	
1.79k	117.2	1.79k	117.2	1.79k	-0.009	
1.79k	117.1	1.79k	117.1	1.79k	-0.009	
1.79k	117.1	1.79k	117.1	1.79k	-0.010	
1.79k	117.1	1.79k	117.1	1.79k	-0.009	
1.80k	117.1	1.80k	117.1	1.80k	-0.009	
1.80k	117.1	1.80k	117.1	1.80k	-0.009	
1.80k	117.1	1.80k	117.1	1.80k	-0.009	
1.80k	117.1	1.80k	117.1	1.80k	-0.009	
1.80k	117.1	1.80k	117.1	1.80k	-0.010	
1.80k	117.1	1.80k	117.1	1.80k	-0.010	
1.80k	117.1	1.80k	117.1	1.80k	-0.010	
1.80k	117.1	1.80k	117.1	1.80k	-0.010	
1.80k	117.0	1.80k	117.0	1.80k	-0.010	
1.80k	117.0	1.80k	117.0	1.80k	-0.011	
1.81k	117.0	1.81k	117.0	1.81k	-0.011	
1.81k	117.0	1.81k	117.0	1.81k	-0.011	
1.81k	117.0	1.81k	117.0	1.81k	-0.011	
1.81k	117.0	1.81k	117.0	1.81k	-0.012	
1.81k	117.0	1.81k	117.0	1.81k	-0.012	
1.81k	117.0	1.81k	117.0	1.81k	-0.012	
1.81k	117.0	1.81k	117.0	1.81k	-0.012	
1.81k	116.9	1.81k	116.9	1.81k	-0.012	
1.81k	116.9	1.81k	116.9	1.81k	-0.012	
1.81k	116.9	1.81k	116.9	1.81k	-0.013	
1.82k	116.9	1.82k	116.9	1.82k	-0.013	
1.82k	116.9	1.82k	116.9	1.82k	-0.013	
1.82k	116.9	1.82k	116.9	1.82k	-0.014	
1.82k	116.9	1.82k	116.9	1.82k	-0.014	
1.82k	116.8	1.82k	116.8	1.82k	-0.014	
1.82k	116.8	1.82k	116.8	1.82k	-0.014	
1.82k	116.8	1.82k	116.8	1.82k	-0.014	
1.82k	116.8	1.82k	116.8	1.82k	-0.015	
1.82k	116.8	1.82k	116.8	1.82k	-0.015	
1.82k	116.8	1.82k	116.8	1.82k	-0.015	
1.83k	116.8	1.83k	116.8	1.83k	-0.016	
1.83k	116.7	1.83k	116.7	1.83k	-0.016	
1.83k	116.7	1.83k	116.7	1.83k	-0.017	
1.83k	116.7	1.83k	116.7	1.83k	-0.017	
1.83k	116.7	1.83k	116.7	1.83k	-0.018	
1.83k	116.7	1.83k	116.7	1.83k	-0.018	
1.83k	116.7	1.83k	116.7	1.83k	-0.018	
1.83k	116.6	1.83k	116.6	1.83k	-0.019	
1.83k	116.6	1.83k	116.6	1.83k	-0.020	
1.83k	116.6	1.83k	116.6	1.83k	-0.020	
1.84k	116.6	1.84k	116.6	1.84k	-0.021	
1.84k	116.6	1.84k	116.6	1.84k	-0.021	
1.84k	116.5	1.84k	116.5	1.84k	-0.021	
1.84k	116.5	1.84k	116.5	1.84k	-0.022	
1.84k	116.5	1.84k	116.5	1.84k	-0.022	
1.84k	116.5	1.84k	116.5	1.84k	-0.023	
1.84k	116.4	1.84k	116.4	1.84k	-0.024	
1.84k	116.4	1.84k	116.4	1.84k	-0.024	
1.84k	116.4	1.84k	116.4	1.84k	-0.025	
1.84k	116.4	1.84k	116.4	1.84k	-0.026	
1.85k	116.3	1.85k	116.4	1.85k	-0.026	
1.85k	116.3	1.85k	116.3	1.85k	-0.026	
1.85k	116.3	1.85k	116.3	1.85k	-0.027	
1.85k	116.3	1.85k	116.3	1.85k	-0.027	
1.85k	116.2	1.85k	116.2	1.85k	-0.028	
1.85k	116.2	1.85k	116.2	1.85k	-0.029	
1.85k	116.2	1.85k	116.2	1.85k	-0.029	
1.85k	116.2	1.85k	116.1	1.85k	-0.029	
1.85k	116.1	1.85k	116.1	1.85k	-0.030	
1.85k	116.1	1.85k	116.1	1.85k	-0.030	
1.86k	116.1	1.86k	116.1	1.86k	-0.031	
1.86k	116.0	1.86k	116.0	1.86k	-0.032	
1.86k	116.0	1.86k	116.0	1.86k	-0.032	
1.86k	116.0	1.86k	116.0	1.86k	-0.033	
1.86k	115.9	1.86k	115.9	1.86k	-0.034	
1.86k	115.9	1.86k	115.9	1.86k	-0.033	
1.86k	115.9	1.86k	115.9	1.86k	-0.034	
1.86k	115.8	1.86k	115.8	1.86k	-0.035	
1.86k	115.8	1.86k	115.8	1.86k	-0.035	
1.86k	115.8	1.86k	115.8	1.86k	-0.035	
1.87k	115.7	1.87k	115.7	1.87k	-0.036	
1.87k	115.7	1.87k	115.7	1.87k	-0.036	
1.87k	115.7	1.87k	115.6	1.87k	-0.037	
1.87k	115.6	1.87k	115.6	1.87k	-0.038	
1.87k	115.6	1.87k	115.6	1.87k	-0.038	
1.87k	115.5	1.87k	115.5	1.87k	-0.038	
1.87k	115.5	1.87k	115.5	1.87k	-0.039	
1.87k	115.5	1.87k	115.5	1.87k	-0.039	
1.87k	115.4	1.87k	115.4	1.87k	-0.039	
1.87k	115.4	1.87k	115.4	1.87k	-0.040	
1.88k	115.3	1.88k	115.4	1.88k	-0.040	
1.88k	115.3	1.88k	115.3	1.88k	-0.040	
1.88k	115.3	1.88k	115.3	1.88k	-0.041	
1.88k	115.2	1.88k	115.2	1.88k	-0.041	
1.88k	115.2	1.88k	115.2	1.88k	-0.041	
1.88k	115.1	1.88k	115.1	1.88k	-0.042	
1.88k	115.1	1.88k	115.1	1.88k	-0.042	
1.88k	115.1	1.88k	115.0	1.88k	-0.042	
1.88k	115.0	1.88k	115.0	1.88k	-0.043	
1.88k	115.0	1.88k	115.0	1.88k	-0.043	
1.89k	114.9	1.89k	114.9	1.89k	-0.043	
1.89k	114.9	1.89k	114.9	1.89k	-0.045	
1.89k	114.8	1.89k	114.8	1.89k	-0.044	
1.89k	114.8	1.89k	114.8	1.89k	-0.044	
1.89k	114.7	1.89k	114.8	1.89k	-0.046	
1.89k	114.7	1.89k	114.7	1.89k	-0.045	
1.89k	114.7	1.89k	114.6	1.89k	-0.046	
1.89k	114.6	1.89k	114.6	1.89k	-0.047	
1.89k	114.6	1.89k	114.6	1.89k	-0.046	
1.89k	114.5	1.89k	114.5	1.89k	-0.046	
1.90k	114.5	1.90k	114.5	1.90k	-0.048	
1.90k	114.4	1.90k	114.4	1.90k	-0.047	
1.90k	114.4	1.90k	114.4	1.90k	-0.047	
1.90k	114.3	1.90k	114.3	1.90k	-0.048	
1.90k	114.3	1.90k	114.3	1.90k	-0.048	
1.90k	114.2	1.90k	114.2	1.90k	-0.048	
1.90k	114.2	1.90k	114.2	1.90k	-0.050	
1.90k	114.1	1.90k	114.1	1.90k	-0.049	
1.90k	114.1	1.90k	114.1	1.90k	-0.049	
1.90k	114.0	1.90k	114.0	1.90k	-0.051	
1.91k	114.0	1.91k	114.0	1.91k	-0.050	
1.91k	113.9	1.91k	113.9	1.91k	-0.050	
1.91k	113.9	1.91k	113.9	1.91k	-0.052	
1.91k	113.8	1.91k	113.8	1.91k	-0.051	
1.91k	113.8	1.91k	113.8	1.91k	-0.051	
1.91k	113.7	1.91k	113.7	1.91k	-0.052	
1.91k	113.7	1.91k	113.7	1.91k	-0.052	
1.91k	113.6	1.91k	113.6	1.91k	-0.052	
1.91k	113.6	1.91k	113.6	1.91k	-0.053	
1.91k	113.5	1.91k	113.5	1.91k	-0.052	
1.92k	113.5	1.92k	113.5	1.92k	-0.052	
1.92k	113.4	1.92k	113.4	1.92k	-0.054	
1.92k	113.4	1.92k	113.4	1.92k	-0.053	
1.92k	113.3	1.92k	113.3	1.92k	-0.053	
1.92k	113.3	1.92k	113.3	1.92k	-0.054	
1.92k	113.2	1.92k	113.2	1.92k	-0.054	
1.92k	113.1	1.92k	113.1	1.92k	-0.054	
1.92k	113.1	1.92k	113.1	1.92k	-0.055	
1.92k	113.0	1.92k	113.1	1.92k	-0.054	
1.92k	113.0	1.92k	113.0	1.92k	-0.054	
1.93k	112.9	1.93k	112.9	1.93k	-0.055	
1.93k	112.9	1.93k	112.9	1.93k	-0.055	
1.93k	112.8	1.93k	112.8	1.93k	-0.055	
1.93k	112.8	1.93k	112.8	1.93k	-0.056	
1.93k	112.7	1.93k	112.7	1.93k	-0.055	
1.93k	112.7	1.93k	112.6	1.93k	-0.055	
1.93k	112.6	1.93k	112.6	1.93k	-0.056	
1.93k	112.5	1.93k	112.6	1.93k	-0.056	
1.93k	112.5	1.93k	112.5	1.93k	-0.056	
1.93k	112.4	1.93k	112.4	1.93k	-0.057	
1.94k	112.4	1.94k	112.4	1.94k	-0.056	
1.94k	112.3	1.94k	112.3	1.94k	-0.056	
1.94k	112.3	1.94k	112.3	1.94k	-0.057	
1.94k	112.2	1.94k	112.2	1.94k	-0.056	
1.94k	112.2	1.94k	112.1	1.94k	-0.056	
1.94k	112.1	1.94k	112.1	1.94k	-0.057	
1.94k	112.0	1.94k	112.1	1.94k	-0.057	
1.94k	112.0	1.94k	112.0	1.94k	-0.057	
1.94k	111.9	1.94k	111.9	1.94k	-0.058	
1.94k	111.9	1.94k	111.9	1.94k	-0.057	
1.95k	111.8	1.95k	111.8	1.95k	-0.057	
1.95k	111.8	1.95k	111.8	1.95k	-0.058	
1.95k	111.7	1.95k	111.7	1.95k	-0.057	
1.95k	111.6	1.95k	111.6	1.95k	-0.057	
1.95k	111.6	1.95k	111.6	1.95k	-0.058	
1.95k	111.5	1.95k	111.5	1.95k	-0.057	
1.95k	111.5	1.95k	111.5	1.95k	-0.057	
1.95k	111.4	1.95k	111.4	1.95k	-0.058	
1.95k	111.4	1.95k	111.4	1.95k	-0.057	
1.95k	111.3	1.95k	111.3	1.95k	-0.057	
1.96k	111.2	1.96k	111.2	1.96k	-0.058	
1.96k	111.2	1.96k	111.2	1.96k	-0.057	
1.96k	111.1	1.96k	111.1	1.96k	-0.057	
1.96k	111.1	1.96k	111.1	1.96k	-0.058	
1.96k	111.0	1.96k	111.0	1.96k	-0.057	
1.96k	110.9	1.96k	110.9	1.96k	-0.057	
1.96k	110.9	1.96k	110.9	1.96k	-0.057	
1.96k	110.8	1.96k	110.8	1.96k	-0.057	
1.96k	110.8	1.96k	110.8	1.96k	-0.058	
1.96k	110.7	1.96k	110.7	1.96k	-0.058	
1.97k	110.7	1.97k	110.7	1.97k	-0.058	
1.97k	110.6	1.97k	110.6	1.97k	-0.059	
1.97k	110.5	1.97k	110.5	1.97k	-0.059	
1.97k	110.5	1.97k	110.5	1.97k	-0.059	
1.97k	110.4	1.97k	110.4	1.97k	-0.060	
1.97k	110.4	1.97k	110.4	1.97k	-0.060	
1.97k	110.3	1.97k	110.3	1.97k	-0.059	
1.97k	110.2	1.97k	110.2	1.97k	-0.058	
1.97k	110.2	1.97k	110.2	1.97k	-0.059	
1.97k	110.1	1.97k	110.1	1.97k	-0.058	
1.98k	110.1	1.98k	110.1	1.98k	-0.058	
1.98k	110.0	1.98k	110.0	1.98k	-0.058	
1.98k	110.0	1.98k	109.9	1.98k	-0.059	
1.98k	109.9	1.98k	109.9	1.98k	-0.060	
1.98k	109.8	1.98k	109.9	1.98k	-0.061	
1.98k	109.8	1.98k	109.8	1.98k	-0.062	
1.98k	109.7	1.98k	109.7	1.98k	-0.064	
1.98k	109.6	1.98k	109.6	1.98k	-0.063	
1.98k	109.6	1.98k	109.6	1.98k	-0.063	
1.98k	109.5	1.98k	109.5	1.98k	-0.064	
1.99k	109.5	1.99k	109.5	1.99k	-0.062	
1.99k	109.4	1.99k	109.4	1.99k	-0.061	
1.99k	109.3	1.99k	109.3	1.99k	-0.060	
1.99k	109.3	1.99k	109.3	1.99k	-0.059	
1.99k	109.2	1.99k	109.2	1.99k	-0.058	
1.99k	109.2	1.99k	109.2	1.99k	-0.058	
1.99k	109.1	1.99k	109.1	1.99k	-0.058	
1.99k	109.0	1.99k	109.0	1.99k	-0.059	
1.99k	109.0	1.99k	109.0	1.99k	-0.060	
1.99k	108.9	1.99k	108.9	1.99k	-0.061	
2.00k	108.9	2.00k	108.9	2.00k	-0.062	
2.00k	108.8	2.00k	108.8	2.00k	-0.064	
2.00k	108.7	2.00k	108.7	2.00k	-0.063	
2.00k	108.7	2.00k	108.7	2.00k	-0.063	
2.00k	108.6	2.00k	108.6	2.00k	-0.064	
2.00k	108.5	2.00k	108.5	2.00k	-0.062	
2.00k	108.5	2.00k	108.5	2.00k	-0.062	
2.00k	108.4	2.00k	108.4	2.00k	-0.061	
2.00k	108.4	2.00k	108.4	2.00k	-0.059	
2.00k	108.3	2.00k	108.3	2.00k	-0.059	
2.01k	108.2	2.01k	108.2	2.01k	-0.059	
2.01k	108.2	2.01k	108.2	2.01k	-0.058	
2.01k	108.1	2.01k	108.1	2.01k	-0.058	
2.01k	108.1	2.01k	108.1	2.01k	-0.058	
2.01k	108.0	2.01k	108.0	2.01k	-0.058	
2.01k	107.9	2.01k	107.9	2.01k	-0.058	
2.01k	107.9	2.01k	107.9	2.01k	-0.058	
2.01k	107.8	2.01k	107.8	2.01k	-0.059	
2.01k	107.8	2.01k	107.8	2.01k	-0.059	
2.01k	107.7	2.01k	107.7	2.01k	-0.060	
2.02k	107.7	2.02k	107.7	2.02k	-0.061	
2.02k	107.6	2.02k	107.6	2.02k	-0.061	
2.02k	107.5	2.02k	107.5	2.02k	-0.063	
2.02k	107.5	2.02k	107.5	2.02k	-0.064	
2.02k	107.4	2.02k	107.4	2.02k	-0.064	
2.02k	107.3	2.02k	107.3	2.02k	-0.065	
2.02k	107.3	2.02k	107.3	2.02k	-0.065	
2.02k	107.2	2.02k	107.2	2.02k	-0.064	
2.02k	107.1	2.02k	107.1	2.02k	-0.064	
2.02k	107.1	2.02k	107.1	2.02k	-0.063	
2.03k	107.0	2.03k	107.0	2.03k	-0.062	
2.03k	107.0	2.03k	106.9	2.03k	-0.062	
2.03k	106.9	2.03k	106.9	2.03k	-0.061	
2.03k	106.8	2.03k	106.8	2.03k	-0.061	
2.03k	106.8	2.03k	106.8	2.03k	-0.062	
2.03k	106.7	2.03k	106.7	2.03k	-0.063	
2.03k	106.6	2.03k	106.7	2.03k	-0.065	
2.03k	106.6	2.03k	106.6	2.03k	-0.065	
2.03k	106.5	2.03k	106.5	2.03k	-0.068	
2.03k	106.4	2.03k	106.4	2.03k	-0.068	
2.04k	106.4	2.04k	106.4	2.04k	-0.069	
2.04k	106.3	2.04k	106.3	2.04k	-0.072	
2.04k	106.2	2.04k	106.2	2.04k	-0.071	
2.04k	106.2	2.04k	106.2	2.04k	-0.071	
2.04k	106.1	2.04k	106.1	2.04k	-0.072	
2.04k	106.0	2.04k	106.0	2.04k	-0.070	
2.04k	106.0	2.04k	106.0	2.04k	-0.069	
2.04k	105.9	2.04k	105.9	2.04k	-0.069	
2.04k	105.8	2.04k	105.8	2.04k	-0.067	
2.04k	105.8	2.04k	105.7	2.04k	-0.067	
2.05k	105.7	2.05k	105.7	2.05k	-0.065	
2.05k	105.6	2.05k	105.6	2.05k	-0.065	
2.05k	105.6	2.05k	105.5	2.05k	-0.063	
2.05k	105.5	2.05k	105.5	2.05k	-0.064	
2.05k	105.4	2.05k	105.4	2.05k	-0.065	
2.05k	105.4	2.05k	105.3	2.05k	-0.065	
2.05k	105.3	2.05k	105.3	2.05k	-0.066	
2.05k	105.2	2.05k	105.2	2.05k	-0.068	
2.05k	105.2	2.05k	105.2	2.05k	-0.068	
2.05k	105.1	2.05k	105.1	2.05k	-0.069	
2.06k	105.0	2.06k	105.0	2.06k	-0.069	
2.06k	105.0	2.06k	105.0	2.06k	-0.068	
2.06k	104.9	2.06k	104.9	2.06k	-0.068	
2.06k	104.8	2.06k	104.8	2.06k	-0.067	
2.06k	104.8	2.06k	104.8	2.06k	-0.066	
2.06k	104.7	2.06k	104.7	2.06k	-0.066	
2.06k	104.6	2.06k	104.6	2.06k	-0.065	
2.06k	104.6	2.06k	104.6	2.06k	-0.065	
2.06k	104.5	2.06k	104.5	2.06k	-0.067	
2.06k	104.4	2.06k	104.4	2.06k	-0.068	
2.07k	104.4	2.07k	104.4	2.07k	-0.069	
2.07k	104.3	2.07k	104.3	2.07k	-0.070	
2.07k	104.2	2.07k	104.2	2.07k	-0.072	
2.07k	104.1	2.07k	104.1	2.07k	-0.072	
2.07k	104.1	2.07k	104.1	2.07k	-0.072	
2.07k	104.0	2.07k	104.0	2.07k	-0.073	
2.07k	103.9	2.07k	103.9	2.07k	-0.071	
2.07k	103.9	2.07k	103.8	2.07k	-0.070	
2.07k	103.8	2.07k	103.8	2.07k	-0.070	
2.07k	103.7	2.07k	103.7	2.07k	-0.067	
2.08k	103.7	2.08k	103.6	2.08k	-0.066	
2.08k	103.6	2.08k	103.6	2.08k	-0.067	
2.08k	103.5	2.08k	103.5	2.08k	-0.065	
2.08k	103.5	2.08k	103.4	2.08k	-0.066	
2.08k	103.4	2.08k	103.4	2.08k	-0.066	
2.08k	103.3	2.08k	103.3	2.08k	-0.066	
2.08k	103.3	2.08k	103.2	2.08k	-0.066	
2.08k	103.2	2.08k	103.2	2.08k	-0.066	
2.08k	103.1	2.08k	103.1	2.08k	-0.066	
2.08k	103.1	2.08k	103.0	2.08k	-0.066	
2.09k	103.0	2.09k	103.0	2.09k	-0.067	
2.09k	102.9	2.09k	102.9	2.09k	-0.067	
2.09k	102.9	2.09k	102.8	2.09k	-0.068	
2.09k	102.8	2.09k	102.8	2.09k	-0.070	
2.09k	102.7	2.09k	102.7	2.09k	-0.071	
2.09k	102.6	2.09k	102.6	2.09k	-0.071	
2.09k	102.6	2.09k	102.6	2.09k	-0.074	
2.09k	102.5	2.09k	102.5	2.09k	-0.074	
2.09k	102.4	2.09k	102.4	2.09k	-0.075	
2.09k	102.3	2.09k	102.3	2.09k	-0.076	
2.10k	102.3	2.10k	102.3	2.10k	-0.077	
2.10k	102.2	2.10k	102.2	2.10k	-0.078	
2.10k	102.1	2.10k	102.1	2.10k	-0.078	
2.10k	102.0	2.10k	102.0	2.10k	-0.077	
2.10k	102.0	2.10k	102.0	2.10k	-0.076	
2.10k	101.9	2.10k	101.9	2.10k	-0.076	
2.10k	101.8	2.10k	101.8	2.10k	-0.074	
2.10k	101.7	2.10k	101.7	2.10k	-0.074	
2.10k	101.7	2.10k	101.7	2.10k	-0.072	
2.10k	101.6	2.10k	101.6	2.10k	-0.071	
2.11k	101.5	2.11k	101.5	2.11k	-0.069	
2.11k	101.5	2.11k	101.5	2.11k	-0.069	
2.11k	101.4	2.11k	101.4	2.11k	-0.068	
2.11k	101.3	2.11k	101.3	2.11k	-0.068	
2.11k	101.2	2.11k	101.3	2.11k	-0.068	
2.11k	101.2	2.11k	101.2	2.11k	-0.069	
2.11k	101.1	2.11k	101.1	2.11k	-0.070	
2.11k	101.0	2.11k	101.1	2.11k	-0.072	
2.11k	101.0	2.11k	101.0	2.11k	-0.072	
2.11k	100.9	2.11k	100.9	2.11k	-0.075	
2.12k	100.8	2.12k	100.8	2.12k	-0.076	
2.12k	100.7	2.12k	100.8	2.12k	-0.076	
2.12k	100.7	2.12k	100.7	2.12k	-0.077	
2.12k	100.6	2.12k	100.6	2.12k	-0.077	
2.12k	100.5	2.12k	100.5	2.12k	-0.075	
2.12k	100.4	2.12k	100.5	2.12k	-0.075	
2.12k	100.4	2.12k	100.3	2.12k	-0.074	
2.12k	100.3	2.12k	100.3	2.12k	-0.072	
2.12k	100.2	2.12k	100.2	2.12k	-0.071	
2.12k	100.1	2.12k	100.1	2.12k	-0.069	
2.13k	100.1	2.13k	100.1	2.13k	-0.069	
2.13k	100.0	2.13k	100.0	2.13k	-0.067	
2.13k	99.9	2.13k	99.9	2.13k	-0.068	
2.13k	99.9	2.13k	99.9	2.13k	-0.067	
2.13k	99.8	2.13k	99.8	2.13k	-0.069	
2.13k	99.7	2.13k	99.7	2.13k	-0.070	
2.13k	99.7	2.13k	99.7	2.13k	-0.071	
2.13k	99.6	2.13k	99.6	2.13k	-0.073	
2.13k	99.5	2.13k	99.5	2.13k	-0.075	
2.13k	99.4	2.13k	99.4	2.13k	-0.074	
2.14k	99.4	2.14k	99.4	2.14k	-0.074	
2.14k	99.3	2.14k	99.3	2.14k	-0.075	
2.14k	99.2	2.14k	99.2	2.14k	-0.073	
2.14k	99.2	2.14k	99.1	2.14k	-0.072	
2.14k	99.1	2.14k	99.1	2.14k	-0.071	
2.14k	99.0	2.14k	99.0	2.14k	-0.070	
2.14k	98.9	2.14k	98.9	2.14k	-0.068	
2.14k	98.9	2.14k	98.9	2.14k	-0.068	
2.14k	98.8	2.14k	98.8	2.14k	-0.068	
2.14k	98.7	2.14k	98.7	2.14k	-0.069	
2.15k	98.7	2.15k	98.7	2.15k	-0.069	
2.15k	98.6	2.15k	98.6	2.15k	-0.072	
2.15k	98.5	2.15k	98.5	2.15k	-0.072	
2.15k	98.5	2.15k	98.5	2.15k	-0.075	
2.15k	98.4	2.15k	98.4	2.15k	-0.074	
2.15k	98.3	2.15k	98.3	2.15k	-0.076	
2.15k	98.2	2.15k	98.2	2.15k	-0.076	
2.15k	98.1	2.15k	98.2	2.15k	-0.077	
2.15k	98.1	2.15k	98.1	2.15k	-0.077	
2.15k	98.0	2.15k	98.0	2.15k	-0.077	
2.16k	97.9	2.16k	97.9	2.16k	-0.076	
2.16k	97.8	2.16k	97.9	2.16k	-0.076	
2.16k	97.8	2.16k	97.8	2.16k	-0.075	
2.16k	97.7	2.16k	97.7	2.16k	-0.074	
2.16k	97.6	2.16k	97.6	2.16k	-0.074	
2.16k	97.5	2.16k	97.6	2.16k	-0.071	
2.16k	97.5	2.16k	97.5	2.16k	-0.071	
2.16k	97.4	2.16k	97.4	2.16k	-0.069	
2.16k	97.3	2.16k	97.4	2.16k	-0.068	
2.16k	97.3	2.16k	97.3	2.16k	-0.067	
2.17k	97.2	2.17k	97.2	2.17k	-0.067	
2.17k	97.1	2.17k	97.2	2.17k	-0.066	
2.17k	97.1	2.17k	97.1	2.17k	-0.068	
2.17k	97.0	2.17k	97.0	2.17k	-0.068	
2.17k	96.9	2.17k	97.0	2.17k	-0.070	
2.17k	96.9	2.17k	96.9	2.17k	-0.071	
2.17k	96.8	2.17k	96.8	2.17k	-0.073	
2.17k	96.7	2.17k	96.7	2.17k	-0.073	
2.17k	96.6	2.17k	96.7	2.17k	-0.074	
2.17k	96.6	2.17k	96.6	2.17k	-0.075	
2.18k	96.5	2.18k	96.5	2.18k	-0.075	
2.18k	96.4	2.18k	96.4	2.18k	-0.076	
2.18k	96.3	2.18k	96.4	2.18k	-0.075	
2.18k	96.3	2.18k	96.3	2.18k	-0.075	
2.18k	96.2	2.18k	96.2	2.18k	-0.074	
2.18k	96.1	2.18k	96.1	2.18k	-0.073	
2.18k	96.0	2.18k	96.1	2.18k	-0.072	
2.18k	96.0	2.18k	96.0	2.18k	-0.072	
2.18k	95.9	2.18k	95.9	2.18k	-0.070	
2.18k	95.8	2.18k	95.8	2.18k	-0.069	
2.19k	95.8	2.19k	95.8	2.19k	-0.067	
2.19k	95.7	2.19k	95.7	2.19k	-0.066	
2.19k	95.6	2.19k	95.6	2.19k	-0.065	
2.19k	95.6	2.19k	95.6	2.19k	-0.065	
2.19k	95.5	2.19k	95.5	2.19k	-0.065	
2.19k	95.4	2.19k	95.4	2.19k	-0.066	
2.19k	95.4	2.19k	95.4	2.19k	-0.066	
2.19k	95.3	2.19k	95.3	2.19k	-0.068	
2.19k	95.2	2.19k	95.2	2.19k	-0.069	
2.19k	95.2	2.19k	95.2	2.19k	-0.071	
2.20k	95.1	2.20k	95.1	2.20k	-0.071	
2.20k	95.0	2.20k	95.0	2.20k	-0.072	
2.20k	95.0	2.20k	94.9	2.20k	-0.073	
2.20k	94.9	2.20k	94.9	2.20k	-0.073	
2.20k	94.8	2.20k	94.8	2.20k	-0.074	
2.20k	94.7	2.20k	94.7	2.20k	-0.074	
2.20k	94.7	2.20k	94.7	2.20k	-0.073	
2.20k	94.6	2.20k	94.6	2.20k	-0.073	
2.20k	94.5	2.20k	94.5	2.20k	-0.072	
2.20k	94.4	2.20k	94.5	2.20k	-0.070	
2.21k	94.4	2.21k	94.4	2.21k	-0.070	
2.21k	94.3	2.21k	94.3	2.21k	-0.068	
2.21k	94.2	2.21k	94.2	2.21k	-0.067	
2.21k	94.2	2.21k	94.2	2.21k	-0.065	
2.21k	94.1	2.21k	94.1	2.21k	-0.065	
2.21k	94.0	2.21k	94.0	2.21k	-0.063	
2.21k	94.0	2.21k	94.0	2.21k	-0.064	
2.21k	93.9	2.21k	93.9	2.21k	-0.063	
2.21k	93.9	2.21k	93.8	2.21k	-0.064	
2.21k	93.8	2.21k	93.8	2.21k	-0.066	
2.22k	93.7	2.22k	93.7	2.22k	-0.067	
2.22k	93.7	2.22k	93.6	2.22k	-0.067	
2.22k	93.6	2.22k	93.6	2.22k	-0.069	
2.22k	93.5	2.22k	93.5	2.22k	-0.068	
2.22k	93.4	2.22k	93.5	2.22k	-0.068	
2.22k	93.4	2.22k	93.4	2.22k	-0.069	
2.22k	93.3	2.22k	93.3	2.22k	-0.067	
2.22k	93.2	2.22k	93.2	2.22k	-0.065	
2.22k	93.2	2.22k	93.2	2.22k	-0.065	
2.22k	93.1	2.22k	93.1	2.22k	-0.063	
2.23k	93.1	2.23k	93.0	2.23k	-0.062	
2.23k	93.0	2.23k	93.0	2.23k	-0.062	
2.23k	92.9	2.23k	92.9	2.23k	-0.061	
2.23k	92.9	2.23k	92.9	2.23k	-0.061	
2.23k	92.8	2.23k	92.8	2.23k	-0.061	
2.23k	92.8	2.23k	92.8	2.23k	-0.061	
2.23k	92.7	2.23k	92.7	2.23k	-0.061	
2.23k	92.6	2.23k	92.6	2.23k	-0.060	
2.23k	92.6	2.23k	92.6	2.23k	-0.060	
2.23k	92.5	2.23k	92.5	2.23k	-0.059	
2.24k	92.5	2.24k	92.4	2.24k	-0.060	
2.24k	92.4	2.24k	92.4	2.24k	-0.060	
2.24k	92.3	2.24k	92.3	2.24k	-0.061	
2.24k	92.3	2.24k	92.3	2.24k	-0.062	
2.24k	92.2	2.24k	92.2	2.24k	-0.063	
2.24k	92.1	2.24k	92.1	2.24k	-0.063	
2.24k	92.1	2.24k	92.1	2.24k	-0.065	
2.24k	92.0	2.24k	92.0	2.24k	-0.065	
2.24k	91.9	2.24k	92.0	2.24k	-0.066	
2.24k	91.9	2.24k	91.9	2.24k	-0.067	
2.25k	91.8	2.25k	91.8	2.25k	-0.067	
2.25k	91.7	2.25k	91.7	2.25k	-0.068	
2.25k	91.7	2.25k	91.7	2.25k	-0.067	
2.25k	91.6	2.25k	91.6	2.25k	-0.066	
2.25k	91.5	2.25k	91.6	2.25k	-0.066	
2.25k	91.5	2.25k	91.5	2.25k	-0.065	
2.25k	91.4	2.25k	91.4	2.25k	-0.064	
2.25k	91.4	2.25k	91.3	2.25k	-0.064	
2.25k	91.3	2.25k	91.3	2.25k	-0.062	
2.25k	91.2	2.25k	91.2	2.25k	-0.061	
2.26k	91.2	2.26k	91.2	2.26k	-0.059	
2.26k	91.1	2.26k	91.1	2.26k	-0.059	
2.26k	91.1	2.26k	91.0	2.26k	-0.057	
2.26k	91.0	2.26k	91.0	2.26k	-0.057	
2.26k	90.9	2.26k	90.9	2.26k	-0.057	
2.26k	90.9	2.26k	90.9	2.26k	-0.058	
2.26k	90.8	2.26k	90.8	2.26k	-0.058	
2.26k	90.8	2.26k	90.8	2.26k	-0.060	
2.26k	90.7	2.26k	90.7	2.26k	-0.060	
2.26k	90.6	2.26k	90.7	2.26k	-0.062	
2.27k	90.6	2.27k	90.6	2.27k	-0.062	
2.27k	90.5	2.27k	90.5	2.27k	-0.062	
2.27k	90.5	2.27k	90.4	2.27k	-0.063	
2.27k	90.4	2.27k	90.4	2.27k	-0.063	
2.27k	90.3	2.27k	90.3	2.27k	-0.064	
2.27k	90.3	2.27k	90.3	2.27k	-0.064	
2.27k	90.2	2.27k	90.2	2.27k	-0.063	
2.27k	90.1	2.27k	90.2	2.27k	-0.062	
2.27k	90.1	2.27k	90.1	2.27k	-0.062	
2.27k	90.0	2.27k	90.0	2.27k	-0.061	
2.28k	90.0	2.28k	89.9	2.28k	-0.060	
2.28k	89.9	2.28k	89.9	2.28k	-0.059	
2.28k	89.8	2.28k	89.8	2.28k	-0.059	
2.28k	89.8	2.28k	89.8	2.28k	-0.058	
2.28k	89.7	2.28k	89.7	2.28k	-0.057	
2.28k	89.7	2.28k	89.7	2.28k	-0.056	
2.28k	89.6	2.28k	89.6	2.28k	-0.056	
2.28k	89.6	2.28k	89.5	2.28k	-0.055	
2.28k	89.5	2.28k	89.5	2.28k	-0.055	
2.28k	89.4	2.28k	89.5	2.28k	-0.055	
2.29k	89.4	2.29k	89.4	2.29k	-0.056	
2.29k	89.3	2.29k	89.3	2.29k	-0.056	
2.29k	89.3	2.29k	89.3	2.29k	-0.057	
2.29k	89.2	2.29k	89.2	2.29k	-0.057	
2.29k	89.2	2.29k	89.2	2.29k	-0.058	
2.29k	89.1	2.29k	89.1	2.29k	-0.058	
2.29k	89.0	2.29k	89.1	2.29k	-0.059	
2.29k	89.0	2.29k	89.0	2.29k	-0.061	
2.29k	88.9	2.29k	88.9	2.29k	-0.060	
2.29k	88.9	2.29k	88.9	2.29k	-0.060	
2.30k	88.8	2.30k	88.8	2.30k	-0.060	
2.30k	88.7	2.30k	88.7	2.30k	-0.058	
2.30k	88.7	2.30k	88.7	2.30k	-0.058	
2.30k	88.6	2.30k	88.6	2.30k	-0.058	
2.30k	88.6	2.30k	88.6	2.30k	-0.056	
2.30k	88.5	2.30k	88.5	2.30k	-0.055	
2.30k	88.5	2.30k	88.5	2.30k	-0.054	
2.30k	88.4	2.30k	88.4	2.30k	-0.053	
2.30k	88.4	2.30k	88.3	2.30k	-0.052	
2.30k	88.3	2.30k	88.3	2.30k	-0.053	
2.31k	88.2	2.31k	88.3	2.31k	-0.052	
2.31k	88.2	2.31k	88.2	2.31k	-0.053	
2.31k	88.1	2.31k	88.1	2.31k	-0.054	
2.31k	88.1	2.31k	88.1	2.31k	-0.055	
2.31k	88.0	2.31k	88.0	2.31k	-0.055	
2.31k	88.0	2.31k	88.0	2.31k	-0.057	
2.31k	87.9	2.31k	87.9	2.31k	-0.057	
2.31k	87.9	2.31k	87.9	2.31k	-0.057	
2.31k	87.8	2.31k	87.8	2.31k	-0.058	
2.31k	87.7	2.31k	87.8	2.31k	-0.058	
2.32k	87.7	2.32k	87.7	2.32k	-0.059	
2.32k	87.6	2.32k	87.6	2.32k	-0.058	
2.32k	87.6	2.32k	87.6	2.32k	-0.058	
2.32k	87.5	2.32k	87.5	2.32k	-0.057	
2.32k	87.5	2.32k	87.5	2.32k	-0.056	
2.32k	87.4	2.32k	87.4	2.32k	-0.055	
2.32k	87.4	2.32k	87.3	2.32k	-0.055	
2.32k	87.3	2.32k	87.3	2.32k	-0.053	
2.32k	87.2	2.32k	87.2	2.32k	-0.052	
2.32k	87.2	2.32k	87.2	2.32k	-0.050	
2.33k	87.1	2.33k	87.2	2.33k	-0.050	
2.33k	87.1	2.33k	87.1	2.33k	-0.049	
2.33k	87.0	2.33k	87.0	2.33k	-0.049	
2.33k	87.0	2.33k	87.0	2.33k	-0.049	
2.33k	86.9	2.33k	86.9	2.33k	-0.050	
2.33k	86.9	2.33k	86.9	2.33k	-0.050	
2.33k	86.8	2.33k	86.9	2.33k	-0.051	
2.33k	86.8	2.33k	86.8	2.33k	-0.052	
2.33k	86.7	2.33k	86.7	2.33k	-0.053	
2.33k	86.7	2.33k	86.7	2.33k	-0.053	
2.34k	86.6	2.34k	86.6	2.34k	-0.053	
2.34k	86.6	2.34k	86.6	2.34k	-0.054	
2.34k	86.5	2.34k	86.5	2.34k	-0.054	
2.34k	86.5	2.34k	86.5	2.34k	-0.054	
2.34k	86.4	2.34k	86.4	2.34k	-0.054	
2.34k	86.4	2.34k	86.4	2.34k	-0.053	
2.34k	86.3	2.34k	86.3	2.34k	-0.052	
2.34k	86.3	2.34k	86.3	2.34k	-0.052	
2.34k	86.2	2.34k	86.2	2.34k	-0.050	
2.34k	86.2	2.34k	86.1	2.34k	-0.051	
2.35k	86.1	2.35k	86.1	2.35k	-0.049	
2.35k	86.1	2.35k	86.0	2.35k	-0.050	
2.35k	86.0	2.35k	86.0	2.35k	-0.049	
2.35k	86.0	2.35k	86.0	2.35k	-0.049	
2.35k	85.9	2.35k	85.9	2.35k	-0.050	
2.35k	85.9	2.35k	85.9	2.35k	-0.050	
2.35k	85.8	2.35k	85.8	2.35k	-0.050	
2.35k	85.8	2.35k	85.8	2.35k	-0.051	
2.35k	85.7	2.35k	85.7	2.35k	-0.050	
2.35k	85.7	2.35k	85.7	2.35k	-0.050	
2.36k	85.6	2.36k	85.6	2.36k	-0.049	
2.36k	85.6	2.36k	85.6	2.36k	-0.048	
2.36k	85.5	2.36k	85.5	2.36k	-0.047	
2.36k	85.5	2.36k	85.5	2.36k	-0.046	
2.36k	85.4	2.36k	85.4	2.36k	-0.046	
2.36k	85.4	2.36k	85.4	2.36k	-0.045	
2.36k	85.3	2.36k	85.3	2.36k	-0.046	
2.36k	85.3	2.36k	85.3	2.36k	-0.046	
2.36k	85.2	2.36k	85.2	2.36k	-0.046	
2.36k	85.2	2.36k	85.2	2.36k	-0.046	
2.37k	85.1	2.37k	85.1	2.37k	-0.047	
2.37k	85.1	2.37k	85.1	2.37k	-0.046	
2.37k	85.1	2.37k	85.0	2.37k	-0.047	
2.37k	85.0	2.37k	85.0	2.37k	-0.046	
2.37k	85.0	2.37k	84.9	2.37k	-0.046	
2.37k	84.9	2.37k	84.9	2.37k	-0.046	
2.37k	84.9	2.37k	84.9	2.37k	-0.046	
2.37k	84.8	2.37k	84.8	2.37k	-0.046	
2.37k	84.8	2.37k	84.8	2.37k	-0.046	
2.37k	84.7	2.37k	84.7	2.37k	-0.046	
2.38k	84.7	2.38k	84.7	2.38k	-0.047	
2.38k	84.6	2.38k	84.6	2.38k	-0.045	
2.38k	84.6	2.38k	84.6	2.38k	-0.045	
2.38k	84.6	2.38k	84.5	2.38k	-0.044	
2.38k	84.5	2.38k	84.5	2.38k	-0.044	
2.38k	84.5	2.38k	84.4	2.38k	-0.042	
2.38k	84.4	2.38k	84.4	2.38k	-0.041	
2.38k	84.4	2.38k	84.4	2.38k	-0.041	
2.38k	84.3	2.38k	84.3	2.38k	-0.041	
2.38k	84.3	2.38k	84.3	2.38k	-0.041	
2.39k	84.3	2.39k	84.3	2.39k	-0.041	
2.39k	84.2	2.39k	84.2	2.39k	-0.042	
2.39k	84.2	2.39k	84.2	2.39k	-0.041	
2.39k	84.1	2.39k	84.1	2.39k	-0.042	
2.39k	84.1	2.39k	84.1	2.39k	-0.042	
2.39k	84.1	2.39k	84.0	2.39k	-0.042	
2.39k	84.0	2.39k	84.0	2.39k	-0.041	
2.39k	84.0	2.39k	84.0	2.39k	-0.041	
2.39k	83.9	2.39k	83.9	2.39k	-0.041	
2.39k	83.9	2.39k	83.9	2.39k	-0.040	
2.40k	83.8	2.40k	83.8	2.40k	-0.040	
2.40k	83.8	2.40k	83.8	2.40k	-0.039	
2.40k	83.8	2.40k	83.8	2.40k	-0.039	
2.40k	83.7	2.40k	83.7	2.40k	-0.039	
2.40k	83.7	2.40k	83.7	2.40k	-0.038	
2.40k	83.7	2.40k	83.7	2.40k	-0.038	
2.40k	83.6	2.40k	83.6	2.40k	-0.036	
2.40k	83.6	2.40k	83.6	2.40k	-0.036	
2.40k	83.5	2.40k	83.5	2.40k	-0.034	
2.40k	83.5	2.40k	83.5	2.40k	-0.033	
2.41k	83.5	2.41k	83.5	2.41k	-0.033	
2.41k	83.4	2.41k	83.4	2.41k	-0.033	
2.41k	83.4	2.41k	83.4	2.41k	-0.033	
2.41k	83.4	2.41k	83.4	2.41k	-0.032	
2.41k	83.3	2.41k	83.3	2.41k	-0.033	
2.41k	83.3	2.41k	83.3	2.41k	-0.032	
2.41k	83.3	2.41k	83.3	2.41k	-0.033	
2.41k	83.3	2.41k	83.3	2.41k	-0.032	
2.41k	83.2	2.41k	83.2	2.41k	-0.033	
2.41k	83.2	2.41k	83.2	2.41k	-0.032	
2.42k	83.2	2.42k	83.1	2.42k	-0.032	
2.42k	83.1	2.42k	83.1	2.42k	-0.032	
2.42k	83.1	2.42k	83.1	2.42k	-0.031	
2.42k	83.1	2.42k	83.1	2.42k	-0.031	
2.42k	83.0	2.42k	83.0	2.42k	-0.031	
2.42k	83.0	2.42k	83.0	2.42k	-0.031	
2.42k	83.0	2.42k	83.0	2.42k	-0.031	
2.42k	82.9	2.42k	82.9	2.42k	-0.030	
2.42k	82.9	2.42k	82.9	2.42k	-0.030	
2.42k	82.9	2.42k	82.9	2.42k	-0.029	
2.43k	82.8	2.43k	82.8	2.43k	-0.029	
2.43k	82.8	2.43k	82.8	2.43k	-0.028	
2.43k	82.8	2.43k	82.8	2.43k	-0.027	
2.43k	82.8	2.43k	82.8	2.43k	-0.027	
2.43k	82.7	2.43k	82.7	2.43k	-0.027	
2.43k	82.7	2.43k	82.7	2.43k	-0.027	
2.43k	82.7	2.43k	82.7	2.43k	-0.027	
2.43k	82.7	2.43k	82.7	2.43k	-0.027	
2.43k	82.6	2.43k	82.6	2.43k	-0.026	
2.43k	82.6	2.43k	82.6	2.43k	-0.026	
2.44k	82.6	2.44k	82.6	2.44k	-0.026	
2.44k	82.6	2.44k	82.5	2.44k	-0.026	
2.44k	82.5	2.44k	82.5	2.44k	-0.026	
2.44k	82.5	2.44k	82.5	2.44k	-0.025	
2.44k	82.5	2.44k	82.5	2.44k	-0.025	
2.44k	82.4	2.44k	82.5	2.44k	-0.025	
2.44k	82.4	2.44k	82.4	2.44k	-0.025	
2.44k	82.4	2.44k	82.4	2.44k	-0.024	
2.44k	82.4	2.44k	82.4	2.44k	-0.024	
2.44k	82.4	2.44k	82.4	2.44k	-0.024	
2.45k	82.3	2.45k	82.3	2.45k	-0.023	
2.45k	82.3	2.45k	82.3	2.45k	-0.023	
2.45k	82.3	2.45k	82.3	2.45k	-0.022	
2.45k	82.3	2.45k	82.3	2.45k	-0.022	
2.45k	82.2	2.45k	82.2	2.45k	-0.020	
2.45k	82.2	2.45k	82.2	2.45k	-0.019	
2.45k	82.2	2.45k	82.2	2.45k	-0.019	
2.45k	82.2	2.45k	82.2	2.45k	-0.018	
2.45k	82.2	2.45k	82.2	2.45k	-0.018	
2.45k	82.1	2.45k	82.2	2.45k	-0.017	
2.46k	82.1	2.46k	82.1	2.46k	-0.017	
2.46k	82.1	2.46k	82.1	2.46k	-0.016	
2.46k	82.1	2.46k	82.1	2.46k	-0.015	
2.46k	82.1	2.46k	82.1	2.46k	-0.014	
2.46k	82.1	2.46k	82.1	2.46k	-0.014	
2.46k	82.1	2.46k	82.1	2.46k	-0.012	
2.46k	82.0	2.46k	82.0	2.46k	-0.011	
2.46k	82.0	2.46k	82.0	2.46k	-0.011	
2.46k	82.0	2.46k	82.0	2.46k	-0.009	
2.46k	82.0	2.46k	82.0	2.46k	-0.008	
2.47k	82.0	2.47k	82.0	2.47k	-0.008	
2.47k	82.0	2.47k	82.0	2.47k	-0.007	
2.47k	82.0	2.47k	82.0	2.47k	-0.007	
2.47k	82.0	2.47k	82.0	2.47k	-0.006	
2.47k	82.0	2.47k	82.0	2.47k	-0.005	
2.47k	82.0	2.47k	82.0	2.47k	-0.004	
2.47k	82.0	2.47k	82.0	2.47k	-0.004	
2.47k	82.0	2.47k	82.0	2.47k	-0.003	
2.47k	82.0	2.47k	82.0	2.47k	-0.002	
2.47k	82.0	2.47k	82.0	2.47k	-0.001	
2.48k	82.0	2.48k	82.0	2.48k	-0.001	
2.48k	82.0	2.48k	82.0	2.48k	-0.000	
2.48k	82.0	2.48k	82.0	2.48k	0.001	
2.48k	82.0	2.48k	82.0	2.48k	0.001	
2.48k	82.0	2.48k	82.0	2.48k	0.001	
2.48k	82.0	2.48k	82.0	2.48k	0.002	
2.48k	82.0	2.48k	82.0	2.48k	0.002	
2.48k	82.0	2.48k	82.0	2.48k	0.002	
2.48k	82.0	2.48k	82.0	2.48k	0.003	
2.48k	82.0	2.48k	82.0	2.48k	0.003	
2.49k	82.0	2.49k	82.0	2.49k	0.004	
2.49k	82.0	2.49k	82.0	2.49k	0.005	
2.49k	82.0	2.49k	82.0	2.49k	0.005	
2.49k	82.0	2.49k	82.0	2.49k	0.006	
2.49k	82.0	2.49k	82.0	2.49k	0.006	
2.49k	82.0	2.49k	82.0	2.49k	0.007	
2.49k	82.0	2.49k	82.0	2.49k	0.007	
2.49k	82.0	2.49k	82.0	2.49k	0.007	
2.49k	82.0	2.49k	82.0	2.49k	0.008	
2.49k	82.0	2.49k	82.0	2.49k	0.008	
2.50k	82.0	2.50k	82.0	2.50k	0.008	
2.50k	82.1	2.50k	82.1	2.50k	0.009	
2.50k	82.1	2.50k	82.1	2.50k	0.010	
2.50k	82.1	2.50k	82.1	2.50k	0.010	
2.50k	82.1	2.50k	82.1	2.50k	0.010	
2.50k	82.1	2.50k	82.1	2.50k	0.011	
2.50k	82.1	2.50k	82.1	2.50k	0.011	
2.50k	82.1	2.50k	82.1	2.50k	0.012	
2.50k	82.1	2.50k	82.1	2.50k	0.012	
2.50k	82.1	2.50k	82.1	2.50k	0.012	
2.51k	82.2	2.51k	82.2	2.51k	0.012	
2.51k	82.2	2.51k	82.2	2.51k	0.012	
2.51k	82.2	2.51k	82.2	2.51k	0.013	
2.51k	82.2	2.51k	82.2	2.51k	0.013	
2.51k	82.2	2.51k	82.2	2.51k	0.013	
2.51k	82.2	2.51k	82.2	2.51k	0.014	
2.51k	82.2	2.51k	82.2	2.51k	0.014	
2.51k	82.2	2.51k	82.2	2.51k	0.014	
2.51k	82.3	2.51k	82.3	2.51k	0.015	
2.51k	82.3	2.51k	82.3	2.51k	0.015	
2.52k	82.3	2.52k	82.3	2.52k	0.016	
2.52k	82.3	2.52k	82.3	2.52k	0.016	
2.52k	82.3	2.52k	82.3	2.52k	0.016	
2.52k	82.3	2.52k	82.3	2.52k	0.017	
2.52k	82.4	2.52k	82.3	2.52k	0.017	
2.52k	82.4	2.52k	82.4	2.52k	0.017	
2.52k	82.4	2.52k	82.4	2.52k	0.018	
2.52k	82.4	2.52k	82.4	2.52k	0.018	
2.52k	82.4	2.52k	82.4	2.52k	0.018	
2.52k	82.4	2.52k	82.4	2.52k	0.019	
2.53k	82.5	2.53k	82.5	2.53k	0.019	
2.53k	82.5	2.53k	82.5	2.53k	0.019	
2.53k	82.5	2.53k	82.5	2.53k	0.019	
2.53k	82.5	2.53k	82.5	2.53k	0.019	
2.53k	82.5	2.53k	82.5	2.53k	0.019	
2.53k	82.6	2.53k	82.6	2.53k	0.019	
2.53k	82.6	2.53k	82.6	2.53k	0.020	
2.53k	82.6	2.53k	82.6	2.53k	0.020	
2.53k	82.6	2.53k	82.6	2.53k	0.020	
2.53k	82.6	2.53k	82.6	2.53k	0.021	
2.54k	82.7	2.54k	82.7	2.54k	0.021	
2.54k	82.7	2.54k	82.7	2.54k	0.021	
2.54k	82.7	2.54k	82.7	2.54k	0.021	
2.54k	82.7	2.54k	82.7	2.54k	0.022	
2.54k	82.7	2.54k	82.7	2.54k	0.022	
2.54k	82.8	2.54k	82.8	2.54k	0.022	
2.54k	82.8	2.54k	82.8	2.54k	0.023	
2.54k	82.8	2.54k	82.8	2.54k	0.023	
2.54k	82.8	2.54k	82.8	2.54k	0.024	
2.54k	82.9	2.54k	82.9	2.54k	0.024	
2.55k	82.9	2.55k	82.9	2.55k	0.024	
2.55k	82.9	2.55k	82.9	2.55k	0.025	
2.55k	82.9	2.55k	82.9	2.55k	0.025	
2.55k	83.0	2.55k	83.0	2.55k	0.025	
2.55k	83.0	2.55k	83.0	2.55k	0.025	
2.55k	83.0	2.55k	83.0	2.55k	0.025	
2.55k	83.0	2.55k	83.0	2.55k	0.025	
2.55k	83.1	2.55k	83.1	2.55k	0.025	
2.55k	83.1	2.55k	83.1	2.55k	0.025	
2.55k	83.1	2.55k	83.1	2.55k	0.026	
2.56k	83.1	2.56k	83.1	2.56k	0.026	
2.56k	83.2	2.56k	83.2	2.56k	0.027	
2.56k	83.2	2.56k	83.2	2.56k	0.027	
2.56k	83.2	2.56k	83.2	2.56k	0.027	
2.56k	83.2	2.56k	83.2	2.56k	0.027	
2.56k	83.3	2.56k	83.3	2.56k	0.027	
2.56k	83.3	2.56k	83.3	2.56k	0.028	
2.56k	83.3	2.56k	83.3	2.56k	0.027	
2.56k	83.4	2.56k	83.3	2.56k	0.027	
2.56k	83.4	2.56k	83.4	2.56k	0.028	
2.57k	83.4	2.57k	83.4	2.57k	0.028	
2.57k	83.4	2.57k	83.4	2.57k	0.028	
2.57k	83.5	2.57k	83.5	2.57k	0.029	
2.57k	83.5	2.57k	83.5	2.57k	0.029	
2.57k	83.5	2.57k	83.5	2.57k	0.029	
2.57k	83.5	2.57k	83.5	2.57k	0.029	
2.57k	83.6	2.57k	83.6	2.57k	0.029	
2.57k	83.6	2.57k	83.6	2.57k	0.029	
2.57k	83.6	2.57k	83.6	2.57k	0.029	
2.57k	83.7	2.57k	83.7	2.57k	0.029	
2.58k	83.7	2.58k	83.7	2.58k	0.029	
2.58k	83.7	2.58k	83.7	2.58k	0.030	
2.58k	83.8	2.58k	83.7	2.58k	0.030	
2.58k	83.8	2.58k	83.8	2.58k	0.030	
2.58k	83.8	2.58k	83.8	2.58k	0.030	
2.58k	83.8	2.58k	83.8	2.58k	0.030	
2.58k	83.9	2.58k	83.9	2.58k	0.031	
2.58k	83.9	2.58k	83.9	2.58k	0.030	
2.58k	83.9	2.58k	83.9	2.58k	0.031	
2.58k	84.0	2.58k	84.0	2.58k	0.030	
2.59k	84.0	2.59k	84.0	2.59k	0.029	
2.59k	84.0	2.59k	84.0	2.59k	0.029	
2.59k	84.1	2.59k	84.1	2.59k	0.029	
2.59k	84.1	2.59k	84.1	2.59k	0.030	
2.59k	84.1	2.59k	84.1	2.59k	0.030	
2.59k	84.1	2.59k	84.1	2.59k	0.030	
2.59k	84.2	2.59k	84.2	2.59k	0.030	
2.59k	84.2	2.59k	84.2	2.59k	0.031	
2.59k	84.2	2.59k	84.2	2.59k	0.031	
2.59k	84.3	2.59k	84.3	2.59k	0.031	
2.60k	84.3	2.60k	84.3	2.60k	0.031	
2.60k	84.3	2.60k	84.3	2.60k	0.031	
2.60k	84.4	2.60k	84.4	2.60k	0.031	
2.60k	84.4	2.60k	84.4	2.60k	0.032	
2.60k	84.4	2.60k	84.4	2.60k	0.032	
2.60k	84.5	2.60k	84.4	2.60k	0.032	
2.60k	84.5	2.60k	84.5	2.60k	0.032	
2.60k	84.5	2.60k	84.5	2.60k	0.032	
2.60k	84.5	2.60k	84.6	2.60k	0.032	
2.60k	84.6	2.60k	84.6	2.60k	0.032	
2.61k	84.6	2.61k	84.6	2.61k	0.033	
2.61k	84.6	2.61k	84.6	2.61k	0.032	
2.61k	84.7	2.61k	84.7	2.61k	0.032	
2.61k	84.7	2.61k	84.7	2.61k	0.032	
2.61k	84.7	2.61k	84.7	2.61k	0.032	
2.61k	84.8	2.61k	84.8	2.61k	0.033	
2.61k	84.8	2.61k	84.8	2.61k	0.033	
2.61k	84.8	2.61k	84.8	2.61k	0.033	
2.61k	84.9	2.61k	84.9	2.61k	0.033	
2.61k	84.9	2.61k	84.9	2.61k	0.033	
2.62k	84.9	2.62k	84.9	2.62k	0.034	
2.62k	85.0	2.62k	85.0	2.62k	0.034	
2.62k	85.0	2.62k	85.0	2.62k	0.034	
2.62k	85.0	2.62k	85.1	2.62k	0.034	
2.62k	85.1	2.62k	85.1	2.62k	0.033	
2.62k	85.1	2.62k	85.1	2.62k	0.034	
2.62k	85.1	2.62k	85.1	2.62k	0.034	
2.62k	85.2	2.62k	85.2	2.62k	0.034	
2.62k	85.2	2.62k	85.2	2.62k	0.034	
2.62k	85.2	2.62k	85.2	2.62k	0.034	
2.63k	85.3	2.63k	85.3	2.63k	0.034	
2.63k	85.3	2.63k	85.3	2.63k	0.034	
2.63k	85.3	2.63k	85.4	2.63k	0.034	
2.63k	85.4	2.63k	85.4	2.63k	0.034	
2.63k	85.4	2.63k	85.4	2.63k	0.034	
2.63k	85.4	2.63k	85.5	2.63k	0.034	
2.63k	85.5	2.63k	85.5	2.63k	0.035	
2.63k	85.5	2.63k	85.5	2.63k	0.036	
2.63k	85.6	2.63k	85.5	2.63k	0.037	
2.63k	85.6	2.63k	85.6	2.63k	0.038	
2.64k	85.6	2.64k	85.6	2.64k	0.038	
2.64k	85.7	2.64k	85.7	2.64k	0.039	
2.64k	85.7	2.64k	85.7	2.64k	0.040	
2.64k	85.7	2.64k	85.8	2.64k	0.040	
2.64k	85.8	2.64k	85.8	2.64k	0.041	
2.64k	85.8	2.64k	85.8	2.64k	0.041	
2.64k	85.9	2.64k	85.9	2.64k	0.040	
2.64k	85.9	2.64k	85.9	2.64k	0.040	
2.64k	86.0	2.64k	86.0	2.64k	0.040	
2.64k	86.0	2.64k	86.0	2.64k	0.039	
2.65k	86.0	2.65k	86.0	2.65k	0.038	
2.65k	86.1	2.65k	86.1	2.65k	0.036	
2.65k	86.1	2.65k	86.1	2.65k	0.034	
2.65k	86.1	2.65k	86.1	2.65k	0.032	
2.65k	86.2	2.65k	86.2	2.65k	0.028	
2.65k	86.2	2.65k	86.2	2.65k	0.024	
2.65k	86.2	2.65k	86.2	2.65k	0.018	
2.65k	86.2	2.65k	86.2	2.65k	0.013	
2.65k	86.2	2.65k	86.2	2.65k	0.008	
2.65k	86.2	2.65k	86.2	2.65k	0.002	
2.66k	86.2	2.66k	86.2	2.66k	-0.002	
2.66k	86.2	2.66k	86.2	2.66k	-0.010	
2.66k	86.2	2.66k	86.2	2.66k	-0.019	
2.66k	86.2	2.66k	86.2	2.66k	-0.033	
2.66k	86.1	2.66k	86.2	2.66k	-0.047	
2.66k	86.1	2.66k	86.1	2.66k	-0.061	
2.66k	86.0	2.66k	86.1	2.66k	-0.074	
2.66k	85.9	2.66k	86.0	2.66k	-0.086	
2.66k	85.9	2.66k	85.9	2.66k	-0.093	
2.66k	85.8	2.66k	85.8	2.66k	-0.098	
2.67k	85.7	2.67k	85.6	2.67k	-0.099	
2.67k	85.6	2.67k	85.5	2.67k	-0.096	
2.67k	85.5	2.67k	85.4	2.67k	-0.090	
2.67k	85.4	2.67k	85.4	2.67k	-0.081	
2.67k	85.3	2.67k	85.3	2.67k	-0.070	
2.67k	85.3	2.67k	85.3	2.67k	-0.059	
2.67k	85.2	2.67k	85.2	2.67k	-0.048	
2.67k	85.2	2.67k	85.2	2.67k	-0.041	
2.67k	85.1	2.67k	85.1	2.67k	-0.036	
2.67k	85.1	2.67k	85.1	2.67k	-0.034	
2.68k	85.0	2.68k	85.1	2.68k	-0.037	
2.68k	85.0	2.68k	85.0	2.68k	-0.038	
2.68k	85.0	2.68k	85.0	2.68k	-0.040	
2.68k	84.9	2.68k	84.9	2.68k	-0.041	
2.68k	84.9	2.68k	84.9	2.68k	-0.042	
2.68k	84.8	2.68k	84.8	2.68k	-0.043	
2.68k	84.8	2.68k	84.8	2.68k	-0.044	
2.68k	84.8	2.68k	84.8	2.68k	-0.044	
2.68k	84.7	2.68k	84.7	2.68k	-0.044	
2.68k	84.7	2.68k	84.7	2.68k	-0.044	
2.69k	84.6	2.69k	84.6	2.69k	-0.043	
2.69k	84.6	2.69k	84.6	2.69k	-0.043	
2.69k	84.5	2.69k	84.5	2.69k	-0.043	
2.69k	84.5	2.69k	84.5	2.69k	-0.043	
2.69k	84.5	2.69k	84.5	2.69k	-0.043	
2.69k	84.4	2.69k	84.4	2.69k	-0.042	
2.69k	84.4	2.69k	84.4	2.69k	-0.042	
2.69k	84.3	2.69k	84.3	2.69k	-0.042	
2.69k	84.3	2.69k	84.3	2.69k	-0.041	
2.69k	84.3	2.69k	84.3	2.69k	-0.041	
2.70k	84.2	2.70k	84.2	2.70k	-0.040	
2.70k	84.2	2.70k	84.2	2.70k	-0.039	
2.70k	84.1	2.70k	84.1	2.70k	-0.038	
2.70k	84.1	2.70k	84.1	2.70k	-0.038	
2.70k	84.1	2.70k	84.1	2.70k	-0.037	
2.70k	84.0	2.70k	84.0	2.70k	-0.036	
2.70k	84.0	2.70k	84.0	2.70k	-0.036	
2.70k	83.9	2.70k	83.9	2.70k	-0.035	
2.70k	83.9	2.70k	83.9	2.70k	-0.034	
2.70k	83.9	2.70k	83.9	2.70k	-0.033	
2.71k	83.8	2.71k	83.8	2.71k	-0.032	
2.71k	83.8	2.71k	83.8	2.71k	-0.031	
2.71k	83.8	2.71k	83.8	2.71k	-0.030	
2.71k	83.8	2.71k	83.8	2.71k	-0.030	
2.71k	83.7	2.71k	83.7	2.71k	-0.030	
2.71k	83.7	2.71k	83.7	2.71k	-0.031	
2.71k	83.7	2.71k	83.7	2.71k	-0.031	
2.71k	83.6	2.71k	83.6	2.71k	-0.032	
2.71k	83.6	2.71k	83.6	2.71k	-0.032	
2.71k	83.6	2.71k	83.6	2.71k	-0.032	
2.72k	83.5	2.72k	83.5	2.72k	-0.033	
2.72k	83.5	2.72k	83.5	2.72k	-0.033	
2.72k	83.5	2.72k	83.5	2.72k	-0.033	
2.72k	83.4	2.72k	83.4	2.72k	-0.033	
2.72k	83.4	2.72k	83.4	2.72k	-0.033	
2.72k	83.4	2.72k	83.4	2.72k	-0.033	
2.72k	83.3	2.72k	83.3	2.72k	-0.033	
2.72k	83.3	2.72k	83.3	2.72k	-0.033	
2.72k	83.3	2.72k	83.3	2.72k	-0.033	
2.72k	83.2	2.72k	83.2	2.72k	-0.033	
2.73k	83.2	2.73k	83.2	2.73k	-0.033	
2.73k	83.2	2.73k	83.2	2.73k	-0.033	
2.73k	83.1	2.73k	83.1	2.73k	-0.033	
2.73k	83.1	2.73k	83.1	2.73k	-0.033	
2.73k	83.1	2.73k	83.1	2.73k	-0.033	
2.73k	83.0	2.73k	83.0	2.73k	-0.032	
2.73k	83.0	2.73k	83.0	2.73k	-0.032	
2.73k	83.0	2.73k	83.0	2.73k	-0.032	
2.73k	82.9	2.73k	82.9	2.73k	-0.032	
2.73k	82.9	2.73k	82.9	2.73k	-0.032	
2.74k	82.9	2.74k	82.9	2.74k	-0.032	
2.74k	82.8	2.74k	82.8	2.74k	-0.032	
2.74k	82.8	2.74k	82.8	2.74k	-0.032	
2.74k	82.8	2.74k	82.8	2.74k	-0.032	
2.74k	82.7	2.74k	82.8	2.74k	-0.032	
2.74k	82.7	2.74k	82.7	2.74k	-0.032	
2.74k	82.7	2.74k	82.7	2.74k	-0.031	
2.74k	82.7	2.74k	82.7	2.74k	-0.031	
2.74k	82.6	2.74k	82.6	2.74k	-0.029	
2.74k	82.6	2.74k	82.6	2.74k	-0.028	
2.75k	82.6	2.75k	82.6	2.75k	-0.027	
2.75k	82.5	2.75k	82.5	2.75k	-0.025	
2.75k	82.5	2.75k	82.5	2.75k	-0.023	
2.75k	82.5	2.75k	82.5	2.75k	-0.022	
2.75k	82.5	2.75k	82.5	2.75k	-0.020	
2.75k	82.5	2.75k	82.5	2.75k	-0.019	
2.75k	82.4	2.75k	82.4	2.75k	-0.018	
2.75k	82.4	2.75k	82.4	2.75k	-0.018	
2.75k	82.4	2.75k	82.4	2.75k	-0.017	
2.75k	82.4	2.75k	82.4	2.75k	-0.017	
2.76k	82.4	2.76k	82.4	2.76k	-0.017	
2.76k	82.3	2.76k	82.3	2.76k	-0.018	
2.76k	82.3	2.76k	82.3	2.76k	-0.018	
2.76k	82.3	2.76k	82.3	2.76k	-0.018	
2.76k	82.3	2.76k	82.3	2.76k	-0.018	
2.76k	82.3	2.76k	82.3	2.76k	-0.018	
2.76k	82.3	2.76k	82.3	2.76k	-0.018	
2.76k	82.2	2.76k	82.2	2.76k	-0.017	
2.76k	82.2	2.76k	82.2	2.76k	-0.017	
2.76k	82.2	2.76k	82.2	2.76k	-0.017	
2.77k	82.2	2.77k	82.2	2.77k	-0.017	
2.77k	82.2	2.77k	82.2	2.77k	-0.017	
2.77k	82.2	2.77k	82.2	2.77k	-0.017	
2.77k	82.1	2.77k	82.1	2.77k	-0.017	
2.77k	82.1	2.77k	82.1	2.77k	-0.016	
2.77k	82.1	2.77k	82.1	2.77k	-0.016	
2.77k	82.1	2.77k	82.1	2.77k	-0.016	
2.77k	82.1	2.77k	82.1	2.77k	-0.016	
2.77k	82.1	2.77k	82.1	2.77k	-0.015	
2.77k	82.0	2.77k	82.0	2.77k	-0.015	
